"Tick","AdoptionPercentage","TypeID"
1.0,0.05937654626422563,SmartGridTechnologyAdoption
49.0,0.05937654626422563,SmartGridTechnologyAdoption
97.0,0.05937654626422563,SmartGridTechnologyAdoption
145.0,0.05937654626422563,SmartGridTechnologyAdoption
193.0,0.05937654626422563,SmartGridTechnologyAdoption
241.0,0.05937654626422563,SmartGridTechnologyAdoption
289.0,0.05937654626422563,SmartGridTechnologyAdoption
337.0,0.05937654626422563,SmartGridTechnologyAdoption
385.0,0.05937654626422563,SmartGridTechnologyAdoption
433.0,0.05937654626422563,SmartGridTechnologyAdoption
481.0,0.05937654626422563,SmartGridTechnologyAdoption
529.0,0.05937654626422563,SmartGridTechnologyAdoption
577.0,0.05937654626422563,SmartGridTechnologyAdoption
625.0,0.05937654626422563,SmartGridTechnologyAdoption
673.0,0.05937654626422563,SmartGridTechnologyAdoption
721.0,0.05937654626422563,SmartGridTechnologyAdoption
769.0,0.05937654626422563,SmartGridTechnologyAdoption
817.0,0.05937654626422563,SmartGridTechnologyAdoption
865.0,0.05937654626422563,SmartGridTechnologyAdoption
913.0,0.05937654626422563,SmartGridTechnologyAdoption
961.0,0.05937654626422563,SmartGridTechnologyAdoption
1009.0,0.05937654626422563,SmartGridTechnologyAdoption
1057.0,0.06185056902523503,SmartGridTechnologyAdoption
1105.0,0.06185056902523503,SmartGridTechnologyAdoption
1153.0,0.06432459178624443,SmartGridTechnologyAdoption
1201.0,0.06432459178624443,SmartGridTechnologyAdoption
1249.0,0.06432459178624443,SmartGridTechnologyAdoption
1297.0,0.06927263730826323,SmartGridTechnologyAdoption
1345.0,0.07422068283028203,SmartGridTechnologyAdoption
1393.0,0.07669470559129143,SmartGridTechnologyAdoption
1441.0,0.07669470559129143,SmartGridTechnologyAdoption
1489.0,0.07669470559129143,SmartGridTechnologyAdoption
1537.0,0.07916872835230084,SmartGridTechnologyAdoption
1585.0,0.07916872835230084,SmartGridTechnologyAdoption
1633.0,0.08164275111331024,SmartGridTechnologyAdoption
1681.0,0.08164275111331024,SmartGridTechnologyAdoption
1729.0,0.08164275111331024,SmartGridTechnologyAdoption
1777.0,0.08164275111331024,SmartGridTechnologyAdoption
1825.0,0.08411677387431965,SmartGridTechnologyAdoption
1873.0,0.08411677387431965,SmartGridTechnologyAdoption
1921.0,0.08659079663532905,SmartGridTechnologyAdoption
1969.0,0.08906481939633845,SmartGridTechnologyAdoption
2017.0,0.08906481939633845,SmartGridTechnologyAdoption
2065.0,0.08906481939633845,SmartGridTechnologyAdoption
2113.0,0.09153884215734785,SmartGridTechnologyAdoption
2161.0,0.09153884215734785,SmartGridTechnologyAdoption
2209.0,0.09153884215734785,SmartGridTechnologyAdoption
2257.0,0.09153884215734785,SmartGridTechnologyAdoption
2305.0,0.09153884215734785,SmartGridTechnologyAdoption
2353.0,0.09153884215734785,SmartGridTechnologyAdoption
2401.0,0.09153884215734785,SmartGridTechnologyAdoption
2449.0,0.09153884215734785,SmartGridTechnologyAdoption
2497.0,0.09153884215734785,SmartGridTechnologyAdoption
2545.0,0.09153884215734785,SmartGridTechnologyAdoption
2593.0,0.09153884215734785,SmartGridTechnologyAdoption
2641.0,0.09648688767936665,SmartGridTechnologyAdoption
2689.0,0.09648688767936665,SmartGridTechnologyAdoption
2737.0,0.09648688767936665,SmartGridTechnologyAdoption
2785.0,0.10143493320138545,SmartGridTechnologyAdoption
2833.0,0.10143493320138545,SmartGridTechnologyAdoption
2881.0,0.10143493320138545,SmartGridTechnologyAdoption
2929.0,0.10638297872340426,SmartGridTechnologyAdoption
2977.0,0.11133102424542306,SmartGridTechnologyAdoption
3025.0,0.11380504700643246,SmartGridTechnologyAdoption
3073.0,0.11627906976744186,SmartGridTechnologyAdoption
3121.0,0.11875309252845126,SmartGridTechnologyAdoption
3169.0,0.11875309252845126,SmartGridTechnologyAdoption
3217.0,0.11875309252845126,SmartGridTechnologyAdoption
3265.0,0.11875309252845126,SmartGridTechnologyAdoption
3313.0,0.11875309252845126,SmartGridTechnologyAdoption
3361.0,0.11875309252845126,SmartGridTechnologyAdoption
3409.0,0.11875309252845126,SmartGridTechnologyAdoption
3457.0,0.11875309252845126,SmartGridTechnologyAdoption
3505.0,0.11875309252845126,SmartGridTechnologyAdoption
3553.0,0.11875309252845126,SmartGridTechnologyAdoption
3601.0,0.11875309252845126,SmartGridTechnologyAdoption
3649.0,0.12370113805047006,SmartGridTechnologyAdoption
3697.0,0.12370113805047006,SmartGridTechnologyAdoption
3745.0,0.12370113805047006,SmartGridTechnologyAdoption
3793.0,0.12617516081147948,SmartGridTechnologyAdoption
3841.0,0.12617516081147948,SmartGridTechnologyAdoption
3889.0,0.12617516081147948,SmartGridTechnologyAdoption
3937.0,0.12617516081147948,SmartGridTechnologyAdoption
3985.0,0.12617516081147948,SmartGridTechnologyAdoption
4033.0,0.12617516081147948,SmartGridTechnologyAdoption
4081.0,0.12617516081147948,SmartGridTechnologyAdoption
4129.0,0.12864918357248886,SmartGridTechnologyAdoption
4177.0,0.12864918357248886,SmartGridTechnologyAdoption
4225.0,0.13112320633349828,SmartGridTechnologyAdoption
4273.0,0.13112320633349828,SmartGridTechnologyAdoption
4321.0,0.13112320633349828,SmartGridTechnologyAdoption
4369.0,0.13112320633349828,SmartGridTechnologyAdoption
4417.0,0.13112320633349828,SmartGridTechnologyAdoption
4465.0,0.13112320633349828,SmartGridTechnologyAdoption
4513.0,0.13112320633349828,SmartGridTechnologyAdoption
4561.0,0.13112320633349828,SmartGridTechnologyAdoption
4609.0,0.13359722909450766,SmartGridTechnologyAdoption
4657.0,0.13607125185551708,SmartGridTechnologyAdoption
4705.0,0.13854527461652646,SmartGridTechnologyAdoption
4753.0,0.13854527461652646,SmartGridTechnologyAdoption
4801.0,0.14101929737753588,SmartGridTechnologyAdoption
4849.0,0.14101929737753588,SmartGridTechnologyAdoption
4897.0,0.14349332013854527,SmartGridTechnologyAdoption
4945.0,0.14596734289955468,SmartGridTechnologyAdoption
4993.0,0.14844136566056407,SmartGridTechnologyAdoption
5041.0,0.14844136566056407,SmartGridTechnologyAdoption
5089.0,0.14844136566056407,SmartGridTechnologyAdoption
5137.0,0.14844136566056407,SmartGridTechnologyAdoption
5185.0,0.14844136566056407,SmartGridTechnologyAdoption
5233.0,0.14844136566056407,SmartGridTechnologyAdoption
5281.0,0.14844136566056407,SmartGridTechnologyAdoption
5329.0,0.15091538842157348,SmartGridTechnologyAdoption
5377.0,0.15091538842157348,SmartGridTechnologyAdoption
5425.0,0.15091538842157348,SmartGridTechnologyAdoption
5473.0,0.15338941118258287,SmartGridTechnologyAdoption
5521.0,0.15338941118258287,SmartGridTechnologyAdoption
5569.0,0.15338941118258287,SmartGridTechnologyAdoption
5617.0,0.15338941118258287,SmartGridTechnologyAdoption
5665.0,0.15338941118258287,SmartGridTechnologyAdoption
5713.0,0.15338941118258287,SmartGridTechnologyAdoption
5761.0,0.15338941118258287,SmartGridTechnologyAdoption
5809.0,0.15338941118258287,SmartGridTechnologyAdoption
5857.0,0.15586343394359228,SmartGridTechnologyAdoption
5905.0,0.15833745670460167,SmartGridTechnologyAdoption
5953.0,0.15833745670460167,SmartGridTechnologyAdoption
6001.0,0.16081147946561108,SmartGridTechnologyAdoption
6049.0,0.16575952498762989,SmartGridTechnologyAdoption
6097.0,0.16575952498762989,SmartGridTechnologyAdoption
6145.0,0.16575952498762989,SmartGridTechnologyAdoption
6193.0,0.16575952498762989,SmartGridTechnologyAdoption
6241.0,0.1682335477486393,SmartGridTechnologyAdoption
6289.0,0.1707075705096487,SmartGridTechnologyAdoption
6337.0,0.1781296387926769,SmartGridTechnologyAdoption
6385.0,0.1781296387926769,SmartGridTechnologyAdoption
6433.0,0.1806036615536863,SmartGridTechnologyAdoption
6481.0,0.1830776843146957,SmartGridTechnologyAdoption
6529.0,0.1830776843146957,SmartGridTechnologyAdoption
6577.0,0.1855517070757051,SmartGridTechnologyAdoption
6625.0,0.1855517070757051,SmartGridTechnologyAdoption
6673.0,0.1880257298367145,SmartGridTechnologyAdoption
6721.0,0.1880257298367145,SmartGridTechnologyAdoption
6769.0,0.1929737753587333,SmartGridTechnologyAdoption
6817.0,0.1954477981197427,SmartGridTechnologyAdoption
6865.0,0.1954477981197427,SmartGridTechnologyAdoption
6913.0,0.1954477981197427,SmartGridTechnologyAdoption
6961.0,0.1954477981197427,SmartGridTechnologyAdoption
7009.0,0.1979218208807521,SmartGridTechnologyAdoption
7057.0,0.1979218208807521,SmartGridTechnologyAdoption
7105.0,0.1979218208807521,SmartGridTechnologyAdoption
7153.0,0.1979218208807521,SmartGridTechnologyAdoption
7201.0,0.1979218208807521,SmartGridTechnologyAdoption
7249.0,0.1979218208807521,SmartGridTechnologyAdoption
7297.0,0.2028698664027709,SmartGridTechnologyAdoption
7345.0,0.2028698664027709,SmartGridTechnologyAdoption
7393.0,0.2028698664027709,SmartGridTechnologyAdoption
7441.0,0.2028698664027709,SmartGridTechnologyAdoption
7489.0,0.2028698664027709,SmartGridTechnologyAdoption
7537.0,0.2028698664027709,SmartGridTechnologyAdoption
7585.0,0.2028698664027709,SmartGridTechnologyAdoption
7633.0,0.2053438891637803,SmartGridTechnologyAdoption
7681.0,0.2102919346857991,SmartGridTechnologyAdoption
7729.0,0.2102919346857991,SmartGridTechnologyAdoption
7777.0,0.2127659574468085,SmartGridTechnologyAdoption
7825.0,0.2127659574468085,SmartGridTechnologyAdoption
7873.0,0.2127659574468085,SmartGridTechnologyAdoption
7921.0,0.2127659574468085,SmartGridTechnologyAdoption
7969.0,0.2127659574468085,SmartGridTechnologyAdoption
8017.0,0.2127659574468085,SmartGridTechnologyAdoption
8065.0,0.2127659574468085,SmartGridTechnologyAdoption
8113.0,0.2127659574468085,SmartGridTechnologyAdoption
8161.0,0.2127659574468085,SmartGridTechnologyAdoption
8209.0,0.2152399802078179,SmartGridTechnologyAdoption
8257.0,0.2177140029688273,SmartGridTechnologyAdoption
8305.0,0.2177140029688273,SmartGridTechnologyAdoption
8353.0,0.22018802572983673,SmartGridTechnologyAdoption
8401.0,0.22018802572983673,SmartGridTechnologyAdoption
8449.0,0.22018802572983673,SmartGridTechnologyAdoption
8497.0,0.22266204849084612,SmartGridTechnologyAdoption
8545.0,0.22266204849084612,SmartGridTechnologyAdoption
8593.0,0.22266204849084612,SmartGridTechnologyAdoption
8641.0,0.22513607125185553,SmartGridTechnologyAdoption
8689.0,0.22513607125185553,SmartGridTechnologyAdoption
8737.0,0.22513607125185553,SmartGridTechnologyAdoption
8785.0,0.22513607125185553,SmartGridTechnologyAdoption
8833.0,0.22761009401286492,SmartGridTechnologyAdoption
8881.0,0.23008411677387433,SmartGridTechnologyAdoption
8929.0,0.23008411677387433,SmartGridTechnologyAdoption
8977.0,0.23008411677387433,SmartGridTechnologyAdoption
9025.0,0.23008411677387433,SmartGridTechnologyAdoption
9073.0,0.23008411677387433,SmartGridTechnologyAdoption
9121.0,0.23008411677387433,SmartGridTechnologyAdoption
9169.0,0.23255813953488372,SmartGridTechnologyAdoption
9217.0,0.23255813953488372,SmartGridTechnologyAdoption
9265.0,0.23255813953488372,SmartGridTechnologyAdoption
9313.0,0.23503216229589313,SmartGridTechnologyAdoption
9361.0,0.23998020781791193,SmartGridTechnologyAdoption
9409.0,0.23998020781791193,SmartGridTechnologyAdoption
9457.0,0.23998020781791193,SmartGridTechnologyAdoption
9505.0,0.23998020781791193,SmartGridTechnologyAdoption
9553.0,0.23998020781791193,SmartGridTechnologyAdoption
9601.0,0.23998020781791193,SmartGridTechnologyAdoption
9649.0,0.23998020781791193,SmartGridTechnologyAdoption
9697.0,0.23998020781791193,SmartGridTechnologyAdoption
9745.0,0.24245423057892132,SmartGridTechnologyAdoption
9793.0,0.24245423057892132,SmartGridTechnologyAdoption
9841.0,0.24245423057892132,SmartGridTechnologyAdoption
9889.0,0.24245423057892132,SmartGridTechnologyAdoption
9937.0,0.24492825333993073,SmartGridTechnologyAdoption
9985.0,0.24740227610094012,SmartGridTechnologyAdoption
10033.0,0.24740227610094012,SmartGridTechnologyAdoption
10081.0,0.24740227610094012,SmartGridTechnologyAdoption
10129.0,0.24740227610094012,SmartGridTechnologyAdoption
10177.0,0.24740227610094012,SmartGridTechnologyAdoption
10225.0,0.25235032162295895,SmartGridTechnologyAdoption
10273.0,0.25235032162295895,SmartGridTechnologyAdoption
10321.0,0.25235032162295895,SmartGridTechnologyAdoption
10369.0,0.2572983671449777,SmartGridTechnologyAdoption
10417.0,0.2572983671449777,SmartGridTechnologyAdoption
10465.0,0.2597723899059871,SmartGridTechnologyAdoption
10513.0,0.2597723899059871,SmartGridTechnologyAdoption
10561.0,0.2597723899059871,SmartGridTechnologyAdoption
10609.0,0.2597723899059871,SmartGridTechnologyAdoption
10657.0,0.2597723899059871,SmartGridTechnologyAdoption
10705.0,0.26224641266699655,SmartGridTechnologyAdoption
10753.0,0.26472043542800594,SmartGridTechnologyAdoption
10801.0,0.2671944581890153,SmartGridTechnologyAdoption
10849.0,0.2696684809500247,SmartGridTechnologyAdoption
10897.0,0.2696684809500247,SmartGridTechnologyAdoption
10945.0,0.27214250371103416,SmartGridTechnologyAdoption
10993.0,0.27214250371103416,SmartGridTechnologyAdoption
11041.0,0.27214250371103416,SmartGridTechnologyAdoption
11089.0,0.27214250371103416,SmartGridTechnologyAdoption
11137.0,0.27214250371103416,SmartGridTechnologyAdoption
11185.0,0.27214250371103416,SmartGridTechnologyAdoption
11233.0,0.27461652647204354,SmartGridTechnologyAdoption
11281.0,0.27461652647204354,SmartGridTechnologyAdoption
11329.0,0.27461652647204354,SmartGridTechnologyAdoption
11377.0,0.27461652647204354,SmartGridTechnologyAdoption
11425.0,0.27461652647204354,SmartGridTechnologyAdoption
11473.0,0.27461652647204354,SmartGridTechnologyAdoption
11521.0,0.27461652647204354,SmartGridTechnologyAdoption
11569.0,0.27461652647204354,SmartGridTechnologyAdoption
11617.0,0.27709054923305293,SmartGridTechnologyAdoption
11665.0,0.27709054923305293,SmartGridTechnologyAdoption
11713.0,0.27709054923305293,SmartGridTechnologyAdoption
11761.0,0.27709054923305293,SmartGridTechnologyAdoption
11809.0,0.27709054923305293,SmartGridTechnologyAdoption
11857.0,0.27709054923305293,SmartGridTechnologyAdoption
11905.0,0.27709054923305293,SmartGridTechnologyAdoption
11953.0,0.27709054923305293,SmartGridTechnologyAdoption
12001.0,0.27709054923305293,SmartGridTechnologyAdoption
12049.0,0.27709054923305293,SmartGridTechnologyAdoption
12097.0,0.27709054923305293,SmartGridTechnologyAdoption
12145.0,0.27709054923305293,SmartGridTechnologyAdoption
12193.0,0.27709054923305293,SmartGridTechnologyAdoption
12241.0,0.27709054923305293,SmartGridTechnologyAdoption
12289.0,0.27709054923305293,SmartGridTechnologyAdoption
12337.0,0.27956457199406237,SmartGridTechnologyAdoption
12385.0,0.27956457199406237,SmartGridTechnologyAdoption
12433.0,0.28451261751608115,SmartGridTechnologyAdoption
12481.0,0.28451261751608115,SmartGridTechnologyAdoption
12529.0,0.28451261751608115,SmartGridTechnologyAdoption
12577.0,0.28451261751608115,SmartGridTechnologyAdoption
12625.0,0.28451261751608115,SmartGridTechnologyAdoption
12673.0,0.28451261751608115,SmartGridTechnologyAdoption
12721.0,0.28451261751608115,SmartGridTechnologyAdoption
12769.0,0.28451261751608115,SmartGridTechnologyAdoption
12817.0,0.28451261751608115,SmartGridTechnologyAdoption
12865.0,0.28451261751608115,SmartGridTechnologyAdoption
12913.0,0.28451261751608115,SmartGridTechnologyAdoption
12961.0,0.28451261751608115,SmartGridTechnologyAdoption
13009.0,0.28451261751608115,SmartGridTechnologyAdoption
13057.0,0.28698664027709053,SmartGridTechnologyAdoption
13105.0,0.2894606630381,SmartGridTechnologyAdoption
13153.0,0.2894606630381,SmartGridTechnologyAdoption
13201.0,0.2894606630381,SmartGridTechnologyAdoption
13249.0,0.29193468579910936,SmartGridTechnologyAdoption
13297.0,0.29193468579910936,SmartGridTechnologyAdoption
13345.0,0.29193468579910936,SmartGridTechnologyAdoption
13393.0,0.29440870856011875,SmartGridTechnologyAdoption
13441.0,0.29440870856011875,SmartGridTechnologyAdoption
13489.0,0.29440870856011875,SmartGridTechnologyAdoption
13537.0,0.29440870856011875,SmartGridTechnologyAdoption
13585.0,0.29688273132112813,SmartGridTechnologyAdoption
13633.0,0.29688273132112813,SmartGridTechnologyAdoption
13681.0,0.29688273132112813,SmartGridTechnologyAdoption
13729.0,0.29688273132112813,SmartGridTechnologyAdoption
13777.0,0.29688273132112813,SmartGridTechnologyAdoption
13825.0,0.29688273132112813,SmartGridTechnologyAdoption
13873.0,0.29688273132112813,SmartGridTechnologyAdoption
13921.0,0.29688273132112813,SmartGridTechnologyAdoption
13969.0,0.2993567540821376,SmartGridTechnologyAdoption
14017.0,0.2993567540821376,SmartGridTechnologyAdoption
14065.0,0.2993567540821376,SmartGridTechnologyAdoption
14113.0,0.2993567540821376,SmartGridTechnologyAdoption
14161.0,0.2993567540821376,SmartGridTechnologyAdoption
14209.0,0.2993567540821376,SmartGridTechnologyAdoption
14257.0,0.2993567540821376,SmartGridTechnologyAdoption
14305.0,0.2993567540821376,SmartGridTechnologyAdoption
14353.0,0.2993567540821376,SmartGridTechnologyAdoption
14401.0,0.2993567540821376,SmartGridTechnologyAdoption
14449.0,0.30183077684314696,SmartGridTechnologyAdoption
14497.0,0.30183077684314696,SmartGridTechnologyAdoption
14545.0,0.30183077684314696,SmartGridTechnologyAdoption
14593.0,0.30183077684314696,SmartGridTechnologyAdoption
14641.0,0.30430479960415635,SmartGridTechnologyAdoption
14689.0,0.30677882236516574,SmartGridTechnologyAdoption
14737.0,0.30677882236516574,SmartGridTechnologyAdoption
14785.0,0.30677882236516574,SmartGridTechnologyAdoption
14833.0,0.30677882236516574,SmartGridTechnologyAdoption
14881.0,0.30677882236516574,SmartGridTechnologyAdoption
14929.0,0.30677882236516574,SmartGridTechnologyAdoption
14977.0,0.30677882236516574,SmartGridTechnologyAdoption
15025.0,0.30677882236516574,SmartGridTechnologyAdoption
15073.0,0.30677882236516574,SmartGridTechnologyAdoption
15121.0,0.30677882236516574,SmartGridTechnologyAdoption
15169.0,0.30677882236516574,SmartGridTechnologyAdoption
15217.0,0.3092528451261752,SmartGridTechnologyAdoption
15265.0,0.3092528451261752,SmartGridTechnologyAdoption
15313.0,0.31172686788718457,SmartGridTechnologyAdoption
15361.0,0.31172686788718457,SmartGridTechnologyAdoption
15409.0,0.31172686788718457,SmartGridTechnologyAdoption
15457.0,0.31420089064819395,SmartGridTechnologyAdoption
15505.0,0.31420089064819395,SmartGridTechnologyAdoption
15553.0,0.31420089064819395,SmartGridTechnologyAdoption
15601.0,0.31420089064819395,SmartGridTechnologyAdoption
15649.0,0.31420089064819395,SmartGridTechnologyAdoption
15697.0,0.31420089064819395,SmartGridTechnologyAdoption
15745.0,0.31420089064819395,SmartGridTechnologyAdoption
15793.0,0.31420089064819395,SmartGridTechnologyAdoption
15841.0,0.31667491340920334,SmartGridTechnologyAdoption
15889.0,0.31667491340920334,SmartGridTechnologyAdoption
15937.0,0.31667491340920334,SmartGridTechnologyAdoption
15985.0,0.31667491340920334,SmartGridTechnologyAdoption
16033.0,0.31667491340920334,SmartGridTechnologyAdoption
16081.0,0.31667491340920334,SmartGridTechnologyAdoption
16129.0,0.31667491340920334,SmartGridTechnologyAdoption
16177.0,0.3191489361702128,SmartGridTechnologyAdoption
16225.0,0.3191489361702128,SmartGridTechnologyAdoption
16273.0,0.32162295893122217,SmartGridTechnologyAdoption
16321.0,0.32162295893122217,SmartGridTechnologyAdoption
16369.0,0.32162295893122217,SmartGridTechnologyAdoption
16417.0,0.32162295893122217,SmartGridTechnologyAdoption
16465.0,0.32162295893122217,SmartGridTechnologyAdoption
16513.0,0.32162295893122217,SmartGridTechnologyAdoption
16561.0,0.32409698169223156,SmartGridTechnologyAdoption
16609.0,0.32409698169223156,SmartGridTechnologyAdoption
16657.0,0.32657100445324094,SmartGridTechnologyAdoption
16705.0,0.32657100445324094,SmartGridTechnologyAdoption
16753.0,0.32657100445324094,SmartGridTechnologyAdoption
16801.0,0.3290450272142504,SmartGridTechnologyAdoption
16849.0,0.33151904997525977,SmartGridTechnologyAdoption
16897.0,0.33151904997525977,SmartGridTechnologyAdoption
16945.0,0.33151904997525977,SmartGridTechnologyAdoption
16993.0,0.33151904997525977,SmartGridTechnologyAdoption
17041.0,0.33151904997525977,SmartGridTechnologyAdoption
17089.0,0.33151904997525977,SmartGridTechnologyAdoption
17137.0,0.33151904997525977,SmartGridTechnologyAdoption
17185.0,0.33151904997525977,SmartGridTechnologyAdoption
17233.0,0.33151904997525977,SmartGridTechnologyAdoption
17281.0,0.33151904997525977,SmartGridTechnologyAdoption
17329.0,0.33151904997525977,SmartGridTechnologyAdoption
17377.0,0.33151904997525977,SmartGridTechnologyAdoption
17425.0,0.33399307273626916,SmartGridTechnologyAdoption
17473.0,0.33399307273626916,SmartGridTechnologyAdoption
17521.0,0.33399307273626916,SmartGridTechnologyAdoption
17569.0,0.33399307273626916,SmartGridTechnologyAdoption
17617.0,0.33399307273626916,SmartGridTechnologyAdoption
17665.0,0.33399307273626916,SmartGridTechnologyAdoption
17713.0,0.33399307273626916,SmartGridTechnologyAdoption
17761.0,0.33399307273626916,SmartGridTechnologyAdoption
17809.0,0.33399307273626916,SmartGridTechnologyAdoption
17857.0,0.33399307273626916,SmartGridTechnologyAdoption
17905.0,0.33399307273626916,SmartGridTechnologyAdoption
17953.0,0.33399307273626916,SmartGridTechnologyAdoption
18001.0,0.33399307273626916,SmartGridTechnologyAdoption
18049.0,0.33399307273626916,SmartGridTechnologyAdoption
18097.0,0.3364670954972786,SmartGridTechnologyAdoption
18145.0,0.3364670954972786,SmartGridTechnologyAdoption
18193.0,0.3364670954972786,SmartGridTechnologyAdoption
18241.0,0.3364670954972786,SmartGridTechnologyAdoption
18289.0,0.3364670954972786,SmartGridTechnologyAdoption
18337.0,0.3364670954972786,SmartGridTechnologyAdoption
18385.0,0.3364670954972786,SmartGridTechnologyAdoption
18433.0,0.3364670954972786,SmartGridTechnologyAdoption
18481.0,0.3364670954972786,SmartGridTechnologyAdoption
18529.0,0.3364670954972786,SmartGridTechnologyAdoption
18577.0,0.3364670954972786,SmartGridTechnologyAdoption
18625.0,0.3364670954972786,SmartGridTechnologyAdoption
18673.0,0.3364670954972786,SmartGridTechnologyAdoption
18721.0,0.3364670954972786,SmartGridTechnologyAdoption
18769.0,0.3364670954972786,SmartGridTechnologyAdoption
18817.0,0.3364670954972786,SmartGridTechnologyAdoption
18865.0,0.3364670954972786,SmartGridTechnologyAdoption
18913.0,0.3364670954972786,SmartGridTechnologyAdoption
18961.0,0.3364670954972786,SmartGridTechnologyAdoption
19009.0,0.3364670954972786,SmartGridTechnologyAdoption
19057.0,0.3364670954972786,SmartGridTechnologyAdoption
19105.0,0.3364670954972786,SmartGridTechnologyAdoption
19153.0,0.3364670954972786,SmartGridTechnologyAdoption
19201.0,0.3364670954972786,SmartGridTechnologyAdoption
19249.0,0.3364670954972786,SmartGridTechnologyAdoption
19297.0,0.3364670954972786,SmartGridTechnologyAdoption
19345.0,0.3364670954972786,SmartGridTechnologyAdoption
19393.0,0.338941118258288,SmartGridTechnologyAdoption
19441.0,0.338941118258288,SmartGridTechnologyAdoption
19489.0,0.338941118258288,SmartGridTechnologyAdoption
19537.0,0.338941118258288,SmartGridTechnologyAdoption
19585.0,0.338941118258288,SmartGridTechnologyAdoption
19633.0,0.3414151410192974,SmartGridTechnologyAdoption
19681.0,0.3414151410192974,SmartGridTechnologyAdoption
19729.0,0.3414151410192974,SmartGridTechnologyAdoption
19777.0,0.3414151410192974,SmartGridTechnologyAdoption
19825.0,0.3414151410192974,SmartGridTechnologyAdoption
19873.0,0.3414151410192974,SmartGridTechnologyAdoption
19921.0,0.3414151410192974,SmartGridTechnologyAdoption
19969.0,0.3414151410192974,SmartGridTechnologyAdoption
20017.0,0.3414151410192974,SmartGridTechnologyAdoption
20065.0,0.3414151410192974,SmartGridTechnologyAdoption
20113.0,0.3414151410192974,SmartGridTechnologyAdoption
20161.0,0.3414151410192974,SmartGridTechnologyAdoption
20209.0,0.3414151410192974,SmartGridTechnologyAdoption
20257.0,0.3414151410192974,SmartGridTechnologyAdoption
20305.0,0.34388916378030676,SmartGridTechnologyAdoption
20353.0,0.34388916378030676,SmartGridTechnologyAdoption
20401.0,0.34388916378030676,SmartGridTechnologyAdoption
20449.0,0.34388916378030676,SmartGridTechnologyAdoption
20497.0,0.34388916378030676,SmartGridTechnologyAdoption
20545.0,0.34388916378030676,SmartGridTechnologyAdoption
20593.0,0.34388916378030676,SmartGridTechnologyAdoption
20641.0,0.3463631865413162,SmartGridTechnologyAdoption
20689.0,0.3463631865413162,SmartGridTechnologyAdoption
20737.0,0.3463631865413162,SmartGridTechnologyAdoption
20785.0,0.3463631865413162,SmartGridTechnologyAdoption
20833.0,0.3488372093023256,SmartGridTechnologyAdoption
20881.0,0.3488372093023256,SmartGridTechnologyAdoption
20929.0,0.3488372093023256,SmartGridTechnologyAdoption
20977.0,0.3488372093023256,SmartGridTechnologyAdoption
21025.0,0.3488372093023256,SmartGridTechnologyAdoption
21073.0,0.3488372093023256,SmartGridTechnologyAdoption
21121.0,0.3488372093023256,SmartGridTechnologyAdoption
21169.0,0.3488372093023256,SmartGridTechnologyAdoption
21217.0,0.3488372093023256,SmartGridTechnologyAdoption
21265.0,0.3488372093023256,SmartGridTechnologyAdoption
21313.0,0.3488372093023256,SmartGridTechnologyAdoption
21361.0,0.3488372093023256,SmartGridTechnologyAdoption
21409.0,0.3488372093023256,SmartGridTechnologyAdoption
21457.0,0.3488372093023256,SmartGridTechnologyAdoption
21505.0,0.3488372093023256,SmartGridTechnologyAdoption
21553.0,0.3488372093023256,SmartGridTechnologyAdoption
21601.0,0.3488372093023256,SmartGridTechnologyAdoption
21649.0,0.3488372093023256,SmartGridTechnologyAdoption
21697.0,0.3488372093023256,SmartGridTechnologyAdoption
21745.0,0.3488372093023256,SmartGridTechnologyAdoption
21793.0,0.3488372093023256,SmartGridTechnologyAdoption
21841.0,0.3488372093023256,SmartGridTechnologyAdoption
21889.0,0.351311232063335,SmartGridTechnologyAdoption
21937.0,0.351311232063335,SmartGridTechnologyAdoption
21985.0,0.35378525482434436,SmartGridTechnologyAdoption
22033.0,0.35378525482434436,SmartGridTechnologyAdoption
22081.0,0.35378525482434436,SmartGridTechnologyAdoption
22129.0,0.3562592775853538,SmartGridTechnologyAdoption
22177.0,0.3562592775853538,SmartGridTechnologyAdoption
22225.0,0.3562592775853538,SmartGridTechnologyAdoption
22273.0,0.3562592775853538,SmartGridTechnologyAdoption
22321.0,0.3562592775853538,SmartGridTechnologyAdoption
22369.0,0.3562592775853538,SmartGridTechnologyAdoption
22417.0,0.3562592775853538,SmartGridTechnologyAdoption
22465.0,0.3562592775853538,SmartGridTechnologyAdoption
22513.0,0.3562592775853538,SmartGridTechnologyAdoption
22561.0,0.3562592775853538,SmartGridTechnologyAdoption
22609.0,0.3562592775853538,SmartGridTechnologyAdoption
22657.0,0.3562592775853538,SmartGridTechnologyAdoption
22705.0,0.3587333003463632,SmartGridTechnologyAdoption
22753.0,0.3587333003463632,SmartGridTechnologyAdoption
22801.0,0.3587333003463632,SmartGridTechnologyAdoption
22849.0,0.3587333003463632,SmartGridTechnologyAdoption
22897.0,0.3587333003463632,SmartGridTechnologyAdoption
22945.0,0.3587333003463632,SmartGridTechnologyAdoption
22993.0,0.3587333003463632,SmartGridTechnologyAdoption
23041.0,0.3587333003463632,SmartGridTechnologyAdoption
23089.0,0.3612073231073726,SmartGridTechnologyAdoption
23137.0,0.3612073231073726,SmartGridTechnologyAdoption
23185.0,0.3612073231073726,SmartGridTechnologyAdoption
23233.0,0.3612073231073726,SmartGridTechnologyAdoption
23281.0,0.3612073231073726,SmartGridTechnologyAdoption
23329.0,0.3612073231073726,SmartGridTechnologyAdoption
23377.0,0.36368134586838197,SmartGridTechnologyAdoption
23425.0,0.36368134586838197,SmartGridTechnologyAdoption
23473.0,0.3661553686293914,SmartGridTechnologyAdoption
23521.0,0.3661553686293914,SmartGridTechnologyAdoption
23569.0,0.3661553686293914,SmartGridTechnologyAdoption
23617.0,0.3661553686293914,SmartGridTechnologyAdoption
23665.0,0.3661553686293914,SmartGridTechnologyAdoption
23713.0,0.3661553686293914,SmartGridTechnologyAdoption
23761.0,0.3661553686293914,SmartGridTechnologyAdoption
23809.0,0.3661553686293914,SmartGridTechnologyAdoption
23857.0,0.3661553686293914,SmartGridTechnologyAdoption
23905.0,0.3661553686293914,SmartGridTechnologyAdoption
23953.0,0.3661553686293914,SmartGridTechnologyAdoption
24001.0,0.3661553686293914,SmartGridTechnologyAdoption
24049.0,0.3661553686293914,SmartGridTechnologyAdoption
24097.0,0.3661553686293914,SmartGridTechnologyAdoption
24145.0,0.3661553686293914,SmartGridTechnologyAdoption
24193.0,0.3661553686293914,SmartGridTechnologyAdoption
24241.0,0.3686293913904008,SmartGridTechnologyAdoption
24289.0,0.3711034141514102,SmartGridTechnologyAdoption
24337.0,0.3711034141514102,SmartGridTechnologyAdoption
24385.0,0.3711034141514102,SmartGridTechnologyAdoption
24433.0,0.37357743691241957,SmartGridTechnologyAdoption
24481.0,0.37357743691241957,SmartGridTechnologyAdoption
24529.0,0.37357743691241957,SmartGridTechnologyAdoption
24577.0,0.376051459673429,SmartGridTechnologyAdoption
24625.0,0.376051459673429,SmartGridTechnologyAdoption
24673.0,0.376051459673429,SmartGridTechnologyAdoption
24721.0,0.3785254824344384,SmartGridTechnologyAdoption
24769.0,0.3785254824344384,SmartGridTechnologyAdoption
24817.0,0.3785254824344384,SmartGridTechnologyAdoption
24865.0,0.3785254824344384,SmartGridTechnologyAdoption
24913.0,0.3785254824344384,SmartGridTechnologyAdoption
24961.0,0.3785254824344384,SmartGridTechnologyAdoption
25009.0,0.3785254824344384,SmartGridTechnologyAdoption
25057.0,0.3785254824344384,SmartGridTechnologyAdoption
25105.0,0.3785254824344384,SmartGridTechnologyAdoption
25153.0,0.3785254824344384,SmartGridTechnologyAdoption
25201.0,0.3785254824344384,SmartGridTechnologyAdoption
25249.0,0.3809995051954478,SmartGridTechnologyAdoption
25297.0,0.3809995051954478,SmartGridTechnologyAdoption
25345.0,0.3809995051954478,SmartGridTechnologyAdoption
25393.0,0.3809995051954478,SmartGridTechnologyAdoption
25441.0,0.3809995051954478,SmartGridTechnologyAdoption
25489.0,0.3809995051954478,SmartGridTechnologyAdoption
25537.0,0.3809995051954478,SmartGridTechnologyAdoption
25585.0,0.3809995051954478,SmartGridTechnologyAdoption
25633.0,0.3809995051954478,SmartGridTechnologyAdoption
25681.0,0.3809995051954478,SmartGridTechnologyAdoption
25729.0,0.3809995051954478,SmartGridTechnologyAdoption
25777.0,0.38347352795645717,SmartGridTechnologyAdoption
25825.0,0.38347352795645717,SmartGridTechnologyAdoption
25873.0,0.38347352795645717,SmartGridTechnologyAdoption
25921.0,0.38347352795645717,SmartGridTechnologyAdoption
25969.0,0.3859475507174666,SmartGridTechnologyAdoption
26017.0,0.3859475507174666,SmartGridTechnologyAdoption
26065.0,0.3859475507174666,SmartGridTechnologyAdoption
26113.0,0.3859475507174666,SmartGridTechnologyAdoption
26161.0,0.3859475507174666,SmartGridTechnologyAdoption
26209.0,0.3859475507174666,SmartGridTechnologyAdoption
26257.0,0.3859475507174666,SmartGridTechnologyAdoption
26305.0,0.3859475507174666,SmartGridTechnologyAdoption
26353.0,0.3859475507174666,SmartGridTechnologyAdoption
26401.0,0.3859475507174666,SmartGridTechnologyAdoption
26449.0,0.3859475507174666,SmartGridTechnologyAdoption
26497.0,0.3859475507174666,SmartGridTechnologyAdoption
26545.0,0.3859475507174666,SmartGridTechnologyAdoption
26593.0,0.3859475507174666,SmartGridTechnologyAdoption
26641.0,0.3859475507174666,SmartGridTechnologyAdoption
26689.0,0.3859475507174666,SmartGridTechnologyAdoption
26737.0,0.3859475507174666,SmartGridTechnologyAdoption
26785.0,0.3859475507174666,SmartGridTechnologyAdoption
26833.0,0.3859475507174666,SmartGridTechnologyAdoption
26881.0,0.3859475507174666,SmartGridTechnologyAdoption
26929.0,0.3859475507174666,SmartGridTechnologyAdoption
26977.0,0.3859475507174666,SmartGridTechnologyAdoption
27025.0,0.388421573478476,SmartGridTechnologyAdoption
27073.0,0.388421573478476,SmartGridTechnologyAdoption
27121.0,0.388421573478476,SmartGridTechnologyAdoption
27169.0,0.388421573478476,SmartGridTechnologyAdoption
27217.0,0.388421573478476,SmartGridTechnologyAdoption
27265.0,0.388421573478476,SmartGridTechnologyAdoption
27313.0,0.388421573478476,SmartGridTechnologyAdoption
27361.0,0.3908955962394854,SmartGridTechnologyAdoption
27409.0,0.3908955962394854,SmartGridTechnologyAdoption
27457.0,0.3908955962394854,SmartGridTechnologyAdoption
27505.0,0.39336961900049483,SmartGridTechnologyAdoption
27553.0,0.39336961900049483,SmartGridTechnologyAdoption
27601.0,0.39336961900049483,SmartGridTechnologyAdoption
27649.0,0.3958436417615042,SmartGridTechnologyAdoption
27697.0,0.3983176645225136,SmartGridTechnologyAdoption
27745.0,0.400791687283523,SmartGridTechnologyAdoption
27793.0,0.400791687283523,SmartGridTechnologyAdoption
27841.0,0.400791687283523,SmartGridTechnologyAdoption
27889.0,0.400791687283523,SmartGridTechnologyAdoption
27937.0,0.40326571004453243,SmartGridTechnologyAdoption
27985.0,0.40326571004453243,SmartGridTechnologyAdoption
28033.0,0.40326571004453243,SmartGridTechnologyAdoption
28081.0,0.40326571004453243,SmartGridTechnologyAdoption
28129.0,0.40326571004453243,SmartGridTechnologyAdoption
28177.0,0.40326571004453243,SmartGridTechnologyAdoption
28225.0,0.40326571004453243,SmartGridTechnologyAdoption
28273.0,0.40326571004453243,SmartGridTechnologyAdoption
28321.0,0.40326571004453243,SmartGridTechnologyAdoption
28369.0,0.40326571004453243,SmartGridTechnologyAdoption
28417.0,0.40326571004453243,SmartGridTechnologyAdoption
28465.0,0.40326571004453243,SmartGridTechnologyAdoption
28513.0,0.40326571004453243,SmartGridTechnologyAdoption
28561.0,0.4057397328055418,SmartGridTechnologyAdoption
28609.0,0.4057397328055418,SmartGridTechnologyAdoption
28657.0,0.4057397328055418,SmartGridTechnologyAdoption
28705.0,0.4057397328055418,SmartGridTechnologyAdoption
28753.0,0.4057397328055418,SmartGridTechnologyAdoption
28801.0,0.4057397328055418,SmartGridTechnologyAdoption
28849.0,0.4082137555665512,SmartGridTechnologyAdoption
28897.0,0.4082137555665512,SmartGridTechnologyAdoption
28945.0,0.4082137555665512,SmartGridTechnologyAdoption
28993.0,0.4082137555665512,SmartGridTechnologyAdoption
29041.0,0.4082137555665512,SmartGridTechnologyAdoption
29089.0,0.4106877783275606,SmartGridTechnologyAdoption
29137.0,0.4106877783275606,SmartGridTechnologyAdoption
29185.0,0.4106877783275606,SmartGridTechnologyAdoption
29233.0,0.4106877783275606,SmartGridTechnologyAdoption
29281.0,0.4106877783275606,SmartGridTechnologyAdoption
29329.0,0.4106877783275606,SmartGridTechnologyAdoption
29377.0,0.4106877783275606,SmartGridTechnologyAdoption
29425.0,0.4106877783275606,SmartGridTechnologyAdoption
29473.0,0.4106877783275606,SmartGridTechnologyAdoption
29521.0,0.4106877783275606,SmartGridTechnologyAdoption
29569.0,0.4106877783275606,SmartGridTechnologyAdoption
29617.0,0.4106877783275606,SmartGridTechnologyAdoption
29665.0,0.4106877783275606,SmartGridTechnologyAdoption
29713.0,0.4106877783275606,SmartGridTechnologyAdoption
29761.0,0.4106877783275606,SmartGridTechnologyAdoption
29809.0,0.4106877783275606,SmartGridTechnologyAdoption
29857.0,0.4106877783275606,SmartGridTechnologyAdoption
29905.0,0.4106877783275606,SmartGridTechnologyAdoption
29953.0,0.4106877783275606,SmartGridTechnologyAdoption
30001.0,0.4106877783275606,SmartGridTechnologyAdoption
30049.0,0.4106877783275606,SmartGridTechnologyAdoption
30097.0,0.4106877783275606,SmartGridTechnologyAdoption
30145.0,0.4106877783275606,SmartGridTechnologyAdoption
30193.0,0.41316180108857004,SmartGridTechnologyAdoption
30241.0,0.41316180108857004,SmartGridTechnologyAdoption
30289.0,0.41316180108857004,SmartGridTechnologyAdoption
30337.0,0.41316180108857004,SmartGridTechnologyAdoption
30385.0,0.41316180108857004,SmartGridTechnologyAdoption
30433.0,0.41316180108857004,SmartGridTechnologyAdoption
30481.0,0.41316180108857004,SmartGridTechnologyAdoption
30529.0,0.4156358238495794,SmartGridTechnologyAdoption
30577.0,0.4156358238495794,SmartGridTechnologyAdoption
30625.0,0.4156358238495794,SmartGridTechnologyAdoption
30673.0,0.4156358238495794,SmartGridTechnologyAdoption
30721.0,0.4156358238495794,SmartGridTechnologyAdoption
30769.0,0.4156358238495794,SmartGridTechnologyAdoption
30817.0,0.4156358238495794,SmartGridTechnologyAdoption
30865.0,0.4156358238495794,SmartGridTechnologyAdoption
30913.0,0.4156358238495794,SmartGridTechnologyAdoption
30961.0,0.4156358238495794,SmartGridTechnologyAdoption
31009.0,0.4181098466105888,SmartGridTechnologyAdoption
31057.0,0.4181098466105888,SmartGridTechnologyAdoption
31105.0,0.4181098466105888,SmartGridTechnologyAdoption
31153.0,0.4181098466105888,SmartGridTechnologyAdoption
31201.0,0.4181098466105888,SmartGridTechnologyAdoption
31249.0,0.4181098466105888,SmartGridTechnologyAdoption
31297.0,0.4181098466105888,SmartGridTechnologyAdoption
31345.0,0.4181098466105888,SmartGridTechnologyAdoption
31393.0,0.4181098466105888,SmartGridTechnologyAdoption
31441.0,0.4181098466105888,SmartGridTechnologyAdoption
31489.0,0.4181098466105888,SmartGridTechnologyAdoption
31537.0,0.4181098466105888,SmartGridTechnologyAdoption
31585.0,0.4205838693715982,SmartGridTechnologyAdoption
31633.0,0.4205838693715982,SmartGridTechnologyAdoption
31681.0,0.4205838693715982,SmartGridTechnologyAdoption
31729.0,0.4205838693715982,SmartGridTechnologyAdoption
31777.0,0.4205838693715982,SmartGridTechnologyAdoption
31825.0,0.42305789213260764,SmartGridTechnologyAdoption
31873.0,0.42305789213260764,SmartGridTechnologyAdoption
31921.0,0.42305789213260764,SmartGridTechnologyAdoption
31969.0,0.42305789213260764,SmartGridTechnologyAdoption
32017.0,0.42305789213260764,SmartGridTechnologyAdoption
32065.0,0.42305789213260764,SmartGridTechnologyAdoption
32113.0,0.425531914893617,SmartGridTechnologyAdoption
32161.0,0.425531914893617,SmartGridTechnologyAdoption
32209.0,0.425531914893617,SmartGridTechnologyAdoption
32257.0,0.4280059376546264,SmartGridTechnologyAdoption
32305.0,0.4280059376546264,SmartGridTechnologyAdoption
32353.0,0.4280059376546264,SmartGridTechnologyAdoption
32401.0,0.4280059376546264,SmartGridTechnologyAdoption
32449.0,0.4280059376546264,SmartGridTechnologyAdoption
32497.0,0.4280059376546264,SmartGridTechnologyAdoption
32545.0,0.4280059376546264,SmartGridTechnologyAdoption
32593.0,0.4280059376546264,SmartGridTechnologyAdoption
32641.0,0.4280059376546264,SmartGridTechnologyAdoption
32689.0,0.4304799604156358,SmartGridTechnologyAdoption
32737.0,0.4304799604156358,SmartGridTechnologyAdoption
32785.0,0.4304799604156358,SmartGridTechnologyAdoption
32833.0,0.4304799604156358,SmartGridTechnologyAdoption
32881.0,0.4304799604156358,SmartGridTechnologyAdoption
32929.0,0.4304799604156358,SmartGridTechnologyAdoption
32977.0,0.4304799604156358,SmartGridTechnologyAdoption
33025.0,0.4304799604156358,SmartGridTechnologyAdoption
33073.0,0.4304799604156358,SmartGridTechnologyAdoption
33121.0,0.4304799604156358,SmartGridTechnologyAdoption
33169.0,0.4304799604156358,SmartGridTechnologyAdoption
33217.0,0.43295398317664524,SmartGridTechnologyAdoption
33265.0,0.43295398317664524,SmartGridTechnologyAdoption
33313.0,0.43295398317664524,SmartGridTechnologyAdoption
33361.0,0.43295398317664524,SmartGridTechnologyAdoption
33409.0,0.43295398317664524,SmartGridTechnologyAdoption
33457.0,0.43295398317664524,SmartGridTechnologyAdoption
33505.0,0.43295398317664524,SmartGridTechnologyAdoption
33553.0,0.43295398317664524,SmartGridTechnologyAdoption
33601.0,0.43295398317664524,SmartGridTechnologyAdoption
33649.0,0.43295398317664524,SmartGridTechnologyAdoption
33697.0,0.43295398317664524,SmartGridTechnologyAdoption
33745.0,0.43295398317664524,SmartGridTechnologyAdoption
33793.0,0.43295398317664524,SmartGridTechnologyAdoption
33841.0,0.43295398317664524,SmartGridTechnologyAdoption
33889.0,0.43295398317664524,SmartGridTechnologyAdoption
33937.0,0.43295398317664524,SmartGridTechnologyAdoption
33985.0,0.43295398317664524,SmartGridTechnologyAdoption
34033.0,0.43295398317664524,SmartGridTechnologyAdoption
34081.0,0.43295398317664524,SmartGridTechnologyAdoption
34129.0,0.43295398317664524,SmartGridTechnologyAdoption
34177.0,0.43295398317664524,SmartGridTechnologyAdoption
34225.0,0.43295398317664524,SmartGridTechnologyAdoption
34273.0,0.43295398317664524,SmartGridTechnologyAdoption
34321.0,0.43295398317664524,SmartGridTechnologyAdoption
34369.0,0.43295398317664524,SmartGridTechnologyAdoption
34417.0,0.43295398317664524,SmartGridTechnologyAdoption
34465.0,0.43295398317664524,SmartGridTechnologyAdoption
34513.0,0.43295398317664524,SmartGridTechnologyAdoption
34561.0,0.43295398317664524,SmartGridTechnologyAdoption
34609.0,0.43295398317664524,SmartGridTechnologyAdoption
34657.0,0.43295398317664524,SmartGridTechnologyAdoption
34705.0,0.43295398317664524,SmartGridTechnologyAdoption
34753.0,0.43295398317664524,SmartGridTechnologyAdoption
34801.0,0.43295398317664524,SmartGridTechnologyAdoption
34849.0,0.43295398317664524,SmartGridTechnologyAdoption
34897.0,0.43295398317664524,SmartGridTechnologyAdoption
34945.0,0.43295398317664524,SmartGridTechnologyAdoption
34993.0,0.43295398317664524,SmartGridTechnologyAdoption
35041.0,0.43295398317664524,SmartGridTechnologyAdoption
35089.0,0.43295398317664524,SmartGridTechnologyAdoption
35137.0,0.43295398317664524,SmartGridTechnologyAdoption
35185.0,0.43295398317664524,SmartGridTechnologyAdoption
35233.0,0.43295398317664524,SmartGridTechnologyAdoption
35281.0,0.4354280059376546,SmartGridTechnologyAdoption
35329.0,0.4354280059376546,SmartGridTechnologyAdoption
35377.0,0.4354280059376546,SmartGridTechnologyAdoption
35425.0,0.4354280059376546,SmartGridTechnologyAdoption
35473.0,0.4354280059376546,SmartGridTechnologyAdoption
35521.0,0.4354280059376546,SmartGridTechnologyAdoption
35569.0,0.4354280059376546,SmartGridTechnologyAdoption
35617.0,0.4354280059376546,SmartGridTechnologyAdoption
35665.0,0.437902028698664,SmartGridTechnologyAdoption
35713.0,0.437902028698664,SmartGridTechnologyAdoption
35761.0,0.437902028698664,SmartGridTechnologyAdoption
35809.0,0.437902028698664,SmartGridTechnologyAdoption
35857.0,0.437902028698664,SmartGridTechnologyAdoption
35905.0,0.437902028698664,SmartGridTechnologyAdoption
35953.0,0.437902028698664,SmartGridTechnologyAdoption
36001.0,0.437902028698664,SmartGridTechnologyAdoption
36049.0,0.437902028698664,SmartGridTechnologyAdoption
36097.0,0.437902028698664,SmartGridTechnologyAdoption
36145.0,0.437902028698664,SmartGridTechnologyAdoption
36193.0,0.437902028698664,SmartGridTechnologyAdoption
36241.0,0.437902028698664,SmartGridTechnologyAdoption
36289.0,0.437902028698664,SmartGridTechnologyAdoption
36337.0,0.437902028698664,SmartGridTechnologyAdoption
36385.0,0.44037605145967346,SmartGridTechnologyAdoption
36433.0,0.44037605145967346,SmartGridTechnologyAdoption
36481.0,0.44037605145967346,SmartGridTechnologyAdoption
36529.0,0.44037605145967346,SmartGridTechnologyAdoption
36577.0,0.44037605145967346,SmartGridTechnologyAdoption
36625.0,0.44285007422068284,SmartGridTechnologyAdoption
36673.0,0.44285007422068284,SmartGridTechnologyAdoption
36721.0,0.44285007422068284,SmartGridTechnologyAdoption
36769.0,0.44285007422068284,SmartGridTechnologyAdoption
36817.0,0.44285007422068284,SmartGridTechnologyAdoption
36865.0,0.44285007422068284,SmartGridTechnologyAdoption
36913.0,0.44285007422068284,SmartGridTechnologyAdoption
36961.0,0.44285007422068284,SmartGridTechnologyAdoption
37009.0,0.44285007422068284,SmartGridTechnologyAdoption
37057.0,0.44285007422068284,SmartGridTechnologyAdoption
37105.0,0.44285007422068284,SmartGridTechnologyAdoption
37153.0,0.44285007422068284,SmartGridTechnologyAdoption
37201.0,0.44285007422068284,SmartGridTechnologyAdoption
37249.0,0.44285007422068284,SmartGridTechnologyAdoption
37297.0,0.44285007422068284,SmartGridTechnologyAdoption
37345.0,0.44285007422068284,SmartGridTechnologyAdoption
37393.0,0.44285007422068284,SmartGridTechnologyAdoption
37441.0,0.44285007422068284,SmartGridTechnologyAdoption
37489.0,0.44285007422068284,SmartGridTechnologyAdoption
37537.0,0.44285007422068284,SmartGridTechnologyAdoption
37585.0,0.44285007422068284,SmartGridTechnologyAdoption
37633.0,0.44285007422068284,SmartGridTechnologyAdoption
37681.0,0.44285007422068284,SmartGridTechnologyAdoption
37729.0,0.44285007422068284,SmartGridTechnologyAdoption
37777.0,0.44285007422068284,SmartGridTechnologyAdoption
37825.0,0.44285007422068284,SmartGridTechnologyAdoption
37873.0,0.44285007422068284,SmartGridTechnologyAdoption
37921.0,0.44285007422068284,SmartGridTechnologyAdoption
37969.0,0.44285007422068284,SmartGridTechnologyAdoption
38017.0,0.44285007422068284,SmartGridTechnologyAdoption
38065.0,0.44285007422068284,SmartGridTechnologyAdoption
38113.0,0.44285007422068284,SmartGridTechnologyAdoption
38161.0,0.44285007422068284,SmartGridTechnologyAdoption
38209.0,0.44285007422068284,SmartGridTechnologyAdoption
38257.0,0.44285007422068284,SmartGridTechnologyAdoption
38305.0,0.44285007422068284,SmartGridTechnologyAdoption
38353.0,0.44285007422068284,SmartGridTechnologyAdoption
38401.0,0.44285007422068284,SmartGridTechnologyAdoption
38449.0,0.44285007422068284,SmartGridTechnologyAdoption
38497.0,0.44285007422068284,SmartGridTechnologyAdoption
38545.0,0.44285007422068284,SmartGridTechnologyAdoption
38593.0,0.44285007422068284,SmartGridTechnologyAdoption
38641.0,0.44285007422068284,SmartGridTechnologyAdoption
38689.0,0.44285007422068284,SmartGridTechnologyAdoption
38737.0,0.44285007422068284,SmartGridTechnologyAdoption
38785.0,0.44285007422068284,SmartGridTechnologyAdoption
38833.0,0.44285007422068284,SmartGridTechnologyAdoption
38881.0,0.44285007422068284,SmartGridTechnologyAdoption
38929.0,0.44285007422068284,SmartGridTechnologyAdoption
38977.0,0.44285007422068284,SmartGridTechnologyAdoption
39025.0,0.44285007422068284,SmartGridTechnologyAdoption
39073.0,0.44285007422068284,SmartGridTechnologyAdoption
39121.0,0.44285007422068284,SmartGridTechnologyAdoption
39169.0,0.44285007422068284,SmartGridTechnologyAdoption
39217.0,0.44285007422068284,SmartGridTechnologyAdoption
39265.0,0.44285007422068284,SmartGridTechnologyAdoption
39313.0,0.44285007422068284,SmartGridTechnologyAdoption
39361.0,0.44285007422068284,SmartGridTechnologyAdoption
39409.0,0.44285007422068284,SmartGridTechnologyAdoption
39457.0,0.44285007422068284,SmartGridTechnologyAdoption
39505.0,0.44285007422068284,SmartGridTechnologyAdoption
39553.0,0.44285007422068284,SmartGridTechnologyAdoption
39601.0,0.44285007422068284,SmartGridTechnologyAdoption
39649.0,0.44285007422068284,SmartGridTechnologyAdoption
39697.0,0.44285007422068284,SmartGridTechnologyAdoption
39745.0,0.44285007422068284,SmartGridTechnologyAdoption
39793.0,0.44285007422068284,SmartGridTechnologyAdoption
39841.0,0.44285007422068284,SmartGridTechnologyAdoption
39889.0,0.44285007422068284,SmartGridTechnologyAdoption
39937.0,0.44285007422068284,SmartGridTechnologyAdoption
39985.0,0.44285007422068284,SmartGridTechnologyAdoption
40033.0,0.44285007422068284,SmartGridTechnologyAdoption
40081.0,0.44285007422068284,SmartGridTechnologyAdoption
40129.0,0.44285007422068284,SmartGridTechnologyAdoption
40177.0,0.44285007422068284,SmartGridTechnologyAdoption
40225.0,0.44285007422068284,SmartGridTechnologyAdoption
40273.0,0.44285007422068284,SmartGridTechnologyAdoption
40321.0,0.44285007422068284,SmartGridTechnologyAdoption
40369.0,0.44285007422068284,SmartGridTechnologyAdoption
40417.0,0.44285007422068284,SmartGridTechnologyAdoption
40465.0,0.44285007422068284,SmartGridTechnologyAdoption
40513.0,0.44285007422068284,SmartGridTechnologyAdoption
40561.0,0.44285007422068284,SmartGridTechnologyAdoption
40609.0,0.44285007422068284,SmartGridTechnologyAdoption
40657.0,0.44285007422068284,SmartGridTechnologyAdoption
40705.0,0.44285007422068284,SmartGridTechnologyAdoption
40753.0,0.44285007422068284,SmartGridTechnologyAdoption
40801.0,0.44285007422068284,SmartGridTechnologyAdoption
40849.0,0.44532409698169223,SmartGridTechnologyAdoption
40897.0,0.44532409698169223,SmartGridTechnologyAdoption
40945.0,0.4477981197427016,SmartGridTechnologyAdoption
40993.0,0.4477981197427016,SmartGridTechnologyAdoption
41041.0,0.4477981197427016,SmartGridTechnologyAdoption
41089.0,0.4477981197427016,SmartGridTechnologyAdoption
41137.0,0.4477981197427016,SmartGridTechnologyAdoption
41185.0,0.4477981197427016,SmartGridTechnologyAdoption
41233.0,0.4477981197427016,SmartGridTechnologyAdoption
41281.0,0.4477981197427016,SmartGridTechnologyAdoption
41329.0,0.4477981197427016,SmartGridTechnologyAdoption
41377.0,0.4477981197427016,SmartGridTechnologyAdoption
41425.0,0.4477981197427016,SmartGridTechnologyAdoption
41473.0,0.4477981197427016,SmartGridTechnologyAdoption
41521.0,0.4477981197427016,SmartGridTechnologyAdoption
41569.0,0.4477981197427016,SmartGridTechnologyAdoption
41617.0,0.4477981197427016,SmartGridTechnologyAdoption
41665.0,0.4477981197427016,SmartGridTechnologyAdoption
41713.0,0.4477981197427016,SmartGridTechnologyAdoption
41761.0,0.4477981197427016,SmartGridTechnologyAdoption
41809.0,0.4477981197427016,SmartGridTechnologyAdoption
41857.0,0.4477981197427016,SmartGridTechnologyAdoption
41905.0,0.4477981197427016,SmartGridTechnologyAdoption
41953.0,0.4477981197427016,SmartGridTechnologyAdoption
42001.0,0.4477981197427016,SmartGridTechnologyAdoption
42049.0,0.4477981197427016,SmartGridTechnologyAdoption
42097.0,0.4477981197427016,SmartGridTechnologyAdoption
42145.0,0.4477981197427016,SmartGridTechnologyAdoption
42193.0,0.4477981197427016,SmartGridTechnologyAdoption
42241.0,0.4477981197427016,SmartGridTechnologyAdoption
42289.0,0.4477981197427016,SmartGridTechnologyAdoption
42337.0,0.4477981197427016,SmartGridTechnologyAdoption
42385.0,0.4477981197427016,SmartGridTechnologyAdoption
42433.0,0.4477981197427016,SmartGridTechnologyAdoption
42481.0,0.4477981197427016,SmartGridTechnologyAdoption
42529.0,0.4477981197427016,SmartGridTechnologyAdoption
42577.0,0.4477981197427016,SmartGridTechnologyAdoption
42625.0,0.45027214250371106,SmartGridTechnologyAdoption
42673.0,0.45027214250371106,SmartGridTechnologyAdoption
42721.0,0.45027214250371106,SmartGridTechnologyAdoption
42769.0,0.45027214250371106,SmartGridTechnologyAdoption
42817.0,0.45027214250371106,SmartGridTechnologyAdoption
42865.0,0.45027214250371106,SmartGridTechnologyAdoption
42913.0,0.45027214250371106,SmartGridTechnologyAdoption
42961.0,0.45027214250371106,SmartGridTechnologyAdoption
43009.0,0.45027214250371106,SmartGridTechnologyAdoption
43057.0,0.45027214250371106,SmartGridTechnologyAdoption
43105.0,0.45027214250371106,SmartGridTechnologyAdoption
43153.0,0.45027214250371106,SmartGridTechnologyAdoption
43201.0,0.45027214250371106,SmartGridTechnologyAdoption
43249.0,0.45027214250371106,SmartGridTechnologyAdoption
43297.0,0.45027214250371106,SmartGridTechnologyAdoption
43345.0,0.45027214250371106,SmartGridTechnologyAdoption
43393.0,0.45027214250371106,SmartGridTechnologyAdoption
43441.0,0.45027214250371106,SmartGridTechnologyAdoption
43489.0,0.45027214250371106,SmartGridTechnologyAdoption
43537.0,0.45027214250371106,SmartGridTechnologyAdoption
43585.0,0.45027214250371106,SmartGridTechnologyAdoption
43633.0,0.45027214250371106,SmartGridTechnologyAdoption
43681.0,0.45027214250371106,SmartGridTechnologyAdoption
43729.0,0.45027214250371106,SmartGridTechnologyAdoption
43777.0,0.45027214250371106,SmartGridTechnologyAdoption
43825.0,0.45027214250371106,SmartGridTechnologyAdoption
43873.0,0.45027214250371106,SmartGridTechnologyAdoption
43921.0,0.45027214250371106,SmartGridTechnologyAdoption
43969.0,0.45027214250371106,SmartGridTechnologyAdoption
44017.0,0.45027214250371106,SmartGridTechnologyAdoption
44065.0,0.45027214250371106,SmartGridTechnologyAdoption
44113.0,0.45027214250371106,SmartGridTechnologyAdoption
44161.0,0.45027214250371106,SmartGridTechnologyAdoption
44209.0,0.45027214250371106,SmartGridTechnologyAdoption
44257.0,0.45027214250371106,SmartGridTechnologyAdoption
44305.0,0.45027214250371106,SmartGridTechnologyAdoption
44353.0,0.45027214250371106,SmartGridTechnologyAdoption
44401.0,0.45027214250371106,SmartGridTechnologyAdoption
44449.0,0.45027214250371106,SmartGridTechnologyAdoption
44497.0,0.45027214250371106,SmartGridTechnologyAdoption
44545.0,0.45027214250371106,SmartGridTechnologyAdoption
44593.0,0.45027214250371106,SmartGridTechnologyAdoption
44641.0,0.45027214250371106,SmartGridTechnologyAdoption
44689.0,0.45027214250371106,SmartGridTechnologyAdoption
44737.0,0.45027214250371106,SmartGridTechnologyAdoption
44785.0,0.45027214250371106,SmartGridTechnologyAdoption
44833.0,0.45027214250371106,SmartGridTechnologyAdoption
44881.0,0.45027214250371106,SmartGridTechnologyAdoption
44929.0,0.45027214250371106,SmartGridTechnologyAdoption
44977.0,0.45027214250371106,SmartGridTechnologyAdoption
45025.0,0.45027214250371106,SmartGridTechnologyAdoption
45073.0,0.45027214250371106,SmartGridTechnologyAdoption
45121.0,0.45027214250371106,SmartGridTechnologyAdoption
45169.0,0.45027214250371106,SmartGridTechnologyAdoption
45217.0,0.45027214250371106,SmartGridTechnologyAdoption
45265.0,0.45027214250371106,SmartGridTechnologyAdoption
45313.0,0.45027214250371106,SmartGridTechnologyAdoption
45361.0,0.45027214250371106,SmartGridTechnologyAdoption
45409.0,0.45027214250371106,SmartGridTechnologyAdoption
45457.0,0.45027214250371106,SmartGridTechnologyAdoption
45505.0,0.45027214250371106,SmartGridTechnologyAdoption
45553.0,0.45027214250371106,SmartGridTechnologyAdoption
45601.0,0.45027214250371106,SmartGridTechnologyAdoption
45649.0,0.45027214250371106,SmartGridTechnologyAdoption
45697.0,0.45027214250371106,SmartGridTechnologyAdoption
45745.0,0.45027214250371106,SmartGridTechnologyAdoption
45793.0,0.45027214250371106,SmartGridTechnologyAdoption
45841.0,0.45027214250371106,SmartGridTechnologyAdoption
45889.0,0.45027214250371106,SmartGridTechnologyAdoption
45937.0,0.45027214250371106,SmartGridTechnologyAdoption
45985.0,0.45027214250371106,SmartGridTechnologyAdoption
46033.0,0.45027214250371106,SmartGridTechnologyAdoption
46081.0,0.45027214250371106,SmartGridTechnologyAdoption
46129.0,0.45027214250371106,SmartGridTechnologyAdoption
46177.0,0.45027214250371106,SmartGridTechnologyAdoption
46225.0,0.45027214250371106,SmartGridTechnologyAdoption
46273.0,0.45027214250371106,SmartGridTechnologyAdoption
46321.0,0.45027214250371106,SmartGridTechnologyAdoption
46369.0,0.45027214250371106,SmartGridTechnologyAdoption
46417.0,0.45027214250371106,SmartGridTechnologyAdoption
46465.0,0.45027214250371106,SmartGridTechnologyAdoption
46513.0,0.45274616526472045,SmartGridTechnologyAdoption
46561.0,0.45274616526472045,SmartGridTechnologyAdoption
46609.0,0.45274616526472045,SmartGridTechnologyAdoption
46657.0,0.45274616526472045,SmartGridTechnologyAdoption
46705.0,0.45274616526472045,SmartGridTechnologyAdoption
46753.0,0.45274616526472045,SmartGridTechnologyAdoption
46801.0,0.45274616526472045,SmartGridTechnologyAdoption
46849.0,0.45274616526472045,SmartGridTechnologyAdoption
46897.0,0.45274616526472045,SmartGridTechnologyAdoption
46945.0,0.45274616526472045,SmartGridTechnologyAdoption
46993.0,0.45274616526472045,SmartGridTechnologyAdoption
47041.0,0.45274616526472045,SmartGridTechnologyAdoption
47089.0,0.45274616526472045,SmartGridTechnologyAdoption
47137.0,0.45274616526472045,SmartGridTechnologyAdoption
47185.0,0.45274616526472045,SmartGridTechnologyAdoption
47233.0,0.45274616526472045,SmartGridTechnologyAdoption
47281.0,0.45274616526472045,SmartGridTechnologyAdoption
47329.0,0.45274616526472045,SmartGridTechnologyAdoption
47377.0,0.45274616526472045,SmartGridTechnologyAdoption
47425.0,0.45522018802572983,SmartGridTechnologyAdoption
47473.0,0.45522018802572983,SmartGridTechnologyAdoption
47521.0,0.45522018802572983,SmartGridTechnologyAdoption
47569.0,0.45522018802572983,SmartGridTechnologyAdoption
47617.0,0.45522018802572983,SmartGridTechnologyAdoption
47665.0,0.45522018802572983,SmartGridTechnologyAdoption
47713.0,0.45522018802572983,SmartGridTechnologyAdoption
47761.0,0.45522018802572983,SmartGridTechnologyAdoption
47809.0,0.45522018802572983,SmartGridTechnologyAdoption
47857.0,0.45522018802572983,SmartGridTechnologyAdoption
47905.0,0.45522018802572983,SmartGridTechnologyAdoption
47953.0,0.45522018802572983,SmartGridTechnologyAdoption
48001.0,0.45522018802572983,SmartGridTechnologyAdoption
48049.0,0.45522018802572983,SmartGridTechnologyAdoption
48097.0,0.45522018802572983,SmartGridTechnologyAdoption
48145.0,0.45522018802572983,SmartGridTechnologyAdoption
48193.0,0.45522018802572983,SmartGridTechnologyAdoption
48241.0,0.45522018802572983,SmartGridTechnologyAdoption
48289.0,0.45522018802572983,SmartGridTechnologyAdoption
48337.0,0.45522018802572983,SmartGridTechnologyAdoption
48385.0,0.45522018802572983,SmartGridTechnologyAdoption
48433.0,0.45522018802572983,SmartGridTechnologyAdoption
48481.0,0.45522018802572983,SmartGridTechnologyAdoption
48529.0,0.45522018802572983,SmartGridTechnologyAdoption
48577.0,0.45522018802572983,SmartGridTechnologyAdoption
48625.0,0.45522018802572983,SmartGridTechnologyAdoption
48673.0,0.45522018802572983,SmartGridTechnologyAdoption
48721.0,0.45522018802572983,SmartGridTechnologyAdoption
48769.0,0.45522018802572983,SmartGridTechnologyAdoption
48817.0,0.45522018802572983,SmartGridTechnologyAdoption
48865.0,0.45522018802572983,SmartGridTechnologyAdoption
48913.0,0.45522018802572983,SmartGridTechnologyAdoption
48961.0,0.45522018802572983,SmartGridTechnologyAdoption
49009.0,0.45522018802572983,SmartGridTechnologyAdoption
49057.0,0.45522018802572983,SmartGridTechnologyAdoption
49105.0,0.45522018802572983,SmartGridTechnologyAdoption
49153.0,0.45522018802572983,SmartGridTechnologyAdoption
49201.0,0.45522018802572983,SmartGridTechnologyAdoption
49249.0,0.45522018802572983,SmartGridTechnologyAdoption
49297.0,0.45522018802572983,SmartGridTechnologyAdoption
49345.0,0.45522018802572983,SmartGridTechnologyAdoption
49393.0,0.45522018802572983,SmartGridTechnologyAdoption
49441.0,0.45522018802572983,SmartGridTechnologyAdoption
49489.0,0.45522018802572983,SmartGridTechnologyAdoption
49537.0,0.45522018802572983,SmartGridTechnologyAdoption
49585.0,0.45522018802572983,SmartGridTechnologyAdoption
49633.0,0.45522018802572983,SmartGridTechnologyAdoption
49681.0,0.45522018802572983,SmartGridTechnologyAdoption
49729.0,0.45522018802572983,SmartGridTechnologyAdoption
49777.0,0.45522018802572983,SmartGridTechnologyAdoption
49825.0,0.4576942107867392,SmartGridTechnologyAdoption
49873.0,0.4576942107867392,SmartGridTechnologyAdoption
49921.0,0.4576942107867392,SmartGridTechnologyAdoption
49969.0,0.4576942107867392,SmartGridTechnologyAdoption
50017.0,0.4576942107867392,SmartGridTechnologyAdoption
50065.0,0.4576942107867392,SmartGridTechnologyAdoption
50113.0,0.4576942107867392,SmartGridTechnologyAdoption
50161.0,0.4576942107867392,SmartGridTechnologyAdoption
50209.0,0.4576942107867392,SmartGridTechnologyAdoption
50257.0,0.46016823354774866,SmartGridTechnologyAdoption
50305.0,0.46016823354774866,SmartGridTechnologyAdoption
50353.0,0.46016823354774866,SmartGridTechnologyAdoption
50401.0,0.46016823354774866,SmartGridTechnologyAdoption
50449.0,0.46016823354774866,SmartGridTechnologyAdoption
50497.0,0.46016823354774866,SmartGridTechnologyAdoption
50545.0,0.46016823354774866,SmartGridTechnologyAdoption
50593.0,0.46016823354774866,SmartGridTechnologyAdoption
50641.0,0.46016823354774866,SmartGridTechnologyAdoption
50689.0,0.46016823354774866,SmartGridTechnologyAdoption
50737.0,0.46016823354774866,SmartGridTechnologyAdoption
50785.0,0.46016823354774866,SmartGridTechnologyAdoption
50833.0,0.46016823354774866,SmartGridTechnologyAdoption
50881.0,0.46016823354774866,SmartGridTechnologyAdoption
50929.0,0.46016823354774866,SmartGridTechnologyAdoption
50977.0,0.46016823354774866,SmartGridTechnologyAdoption
51025.0,0.46016823354774866,SmartGridTechnologyAdoption
51073.0,0.46016823354774866,SmartGridTechnologyAdoption
51121.0,0.46016823354774866,SmartGridTechnologyAdoption
51169.0,0.46016823354774866,SmartGridTechnologyAdoption
51217.0,0.46016823354774866,SmartGridTechnologyAdoption
51265.0,0.46016823354774866,SmartGridTechnologyAdoption
51313.0,0.46016823354774866,SmartGridTechnologyAdoption
51361.0,0.46016823354774866,SmartGridTechnologyAdoption
51409.0,0.46016823354774866,SmartGridTechnologyAdoption
51457.0,0.46016823354774866,SmartGridTechnologyAdoption
51505.0,0.46016823354774866,SmartGridTechnologyAdoption
51553.0,0.46016823354774866,SmartGridTechnologyAdoption
51601.0,0.46016823354774866,SmartGridTechnologyAdoption
51649.0,0.46016823354774866,SmartGridTechnologyAdoption
51697.0,0.46016823354774866,SmartGridTechnologyAdoption
51745.0,0.46016823354774866,SmartGridTechnologyAdoption
51793.0,0.46016823354774866,SmartGridTechnologyAdoption
51841.0,0.46016823354774866,SmartGridTechnologyAdoption
51889.0,0.46016823354774866,SmartGridTechnologyAdoption
51937.0,0.46016823354774866,SmartGridTechnologyAdoption
51985.0,0.46016823354774866,SmartGridTechnologyAdoption
52033.0,0.46016823354774866,SmartGridTechnologyAdoption
52081.0,0.46016823354774866,SmartGridTechnologyAdoption
52129.0,0.46016823354774866,SmartGridTechnologyAdoption
52177.0,0.46016823354774866,SmartGridTechnologyAdoption
52225.0,0.46264225630875805,SmartGridTechnologyAdoption
52273.0,0.46264225630875805,SmartGridTechnologyAdoption
52321.0,0.46264225630875805,SmartGridTechnologyAdoption
52369.0,0.46264225630875805,SmartGridTechnologyAdoption
52417.0,0.46264225630875805,SmartGridTechnologyAdoption
52465.0,0.46264225630875805,SmartGridTechnologyAdoption
52513.0,0.46264225630875805,SmartGridTechnologyAdoption
52561.0,0.46264225630875805,SmartGridTechnologyAdoption
52609.0,0.46264225630875805,SmartGridTechnologyAdoption
52657.0,0.46264225630875805,SmartGridTechnologyAdoption
52705.0,0.46264225630875805,SmartGridTechnologyAdoption
52753.0,0.46264225630875805,SmartGridTechnologyAdoption
52801.0,0.46264225630875805,SmartGridTechnologyAdoption
52849.0,0.46264225630875805,SmartGridTechnologyAdoption
52897.0,0.46264225630875805,SmartGridTechnologyAdoption
52945.0,0.46264225630875805,SmartGridTechnologyAdoption
52993.0,0.46511627906976744,SmartGridTechnologyAdoption
53041.0,0.46511627906976744,SmartGridTechnologyAdoption
53089.0,0.46511627906976744,SmartGridTechnologyAdoption
53137.0,0.46511627906976744,SmartGridTechnologyAdoption
53185.0,0.46511627906976744,SmartGridTechnologyAdoption
53233.0,0.46511627906976744,SmartGridTechnologyAdoption
53281.0,0.46511627906976744,SmartGridTechnologyAdoption
53329.0,0.46511627906976744,SmartGridTechnologyAdoption
53377.0,0.46511627906976744,SmartGridTechnologyAdoption
53425.0,0.46511627906976744,SmartGridTechnologyAdoption
53473.0,0.46511627906976744,SmartGridTechnologyAdoption
53521.0,0.46511627906976744,SmartGridTechnologyAdoption
53569.0,0.46511627906976744,SmartGridTechnologyAdoption
53617.0,0.4675903018307768,SmartGridTechnologyAdoption
53665.0,0.4675903018307768,SmartGridTechnologyAdoption
53713.0,0.4675903018307768,SmartGridTechnologyAdoption
53761.0,0.4675903018307768,SmartGridTechnologyAdoption
53809.0,0.4675903018307768,SmartGridTechnologyAdoption
53857.0,0.4675903018307768,SmartGridTechnologyAdoption
53905.0,0.4675903018307768,SmartGridTechnologyAdoption
53953.0,0.4675903018307768,SmartGridTechnologyAdoption
54001.0,0.4675903018307768,SmartGridTechnologyAdoption
54049.0,0.4675903018307768,SmartGridTechnologyAdoption
54097.0,0.4675903018307768,SmartGridTechnologyAdoption
54145.0,0.4675903018307768,SmartGridTechnologyAdoption
54193.0,0.4675903018307768,SmartGridTechnologyAdoption
54241.0,0.4675903018307768,SmartGridTechnologyAdoption
54289.0,0.4675903018307768,SmartGridTechnologyAdoption
54337.0,0.4675903018307768,SmartGridTechnologyAdoption
54385.0,0.4675903018307768,SmartGridTechnologyAdoption
54433.0,0.47006432459178626,SmartGridTechnologyAdoption
54481.0,0.47006432459178626,SmartGridTechnologyAdoption
54529.0,0.47006432459178626,SmartGridTechnologyAdoption
54577.0,0.47006432459178626,SmartGridTechnologyAdoption
54625.0,0.47006432459178626,SmartGridTechnologyAdoption
54673.0,0.47006432459178626,SmartGridTechnologyAdoption
54721.0,0.47006432459178626,SmartGridTechnologyAdoption
54769.0,0.47006432459178626,SmartGridTechnologyAdoption
54817.0,0.47006432459178626,SmartGridTechnologyAdoption
54865.0,0.47006432459178626,SmartGridTechnologyAdoption
54913.0,0.47006432459178626,SmartGridTechnologyAdoption
54961.0,0.47006432459178626,SmartGridTechnologyAdoption
55009.0,0.47006432459178626,SmartGridTechnologyAdoption
55057.0,0.47006432459178626,SmartGridTechnologyAdoption
55105.0,0.47006432459178626,SmartGridTechnologyAdoption
55153.0,0.47006432459178626,SmartGridTechnologyAdoption
55201.0,0.47006432459178626,SmartGridTechnologyAdoption
55249.0,0.47006432459178626,SmartGridTechnologyAdoption
55297.0,0.47006432459178626,SmartGridTechnologyAdoption
55345.0,0.47006432459178626,SmartGridTechnologyAdoption
55393.0,0.47006432459178626,SmartGridTechnologyAdoption
55441.0,0.47006432459178626,SmartGridTechnologyAdoption
55489.0,0.47006432459178626,SmartGridTechnologyAdoption
55537.0,0.47006432459178626,SmartGridTechnologyAdoption
55585.0,0.47006432459178626,SmartGridTechnologyAdoption
55633.0,0.47006432459178626,SmartGridTechnologyAdoption
55681.0,0.47006432459178626,SmartGridTechnologyAdoption
55729.0,0.47006432459178626,SmartGridTechnologyAdoption
55777.0,0.47006432459178626,SmartGridTechnologyAdoption
55825.0,0.47006432459178626,SmartGridTechnologyAdoption
55873.0,0.47006432459178626,SmartGridTechnologyAdoption
55921.0,0.47006432459178626,SmartGridTechnologyAdoption
55969.0,0.47006432459178626,SmartGridTechnologyAdoption
56017.0,0.47006432459178626,SmartGridTechnologyAdoption
56065.0,0.47006432459178626,SmartGridTechnologyAdoption
56113.0,0.47006432459178626,SmartGridTechnologyAdoption
56161.0,0.47006432459178626,SmartGridTechnologyAdoption
56209.0,0.47006432459178626,SmartGridTechnologyAdoption
56257.0,0.47006432459178626,SmartGridTechnologyAdoption
56305.0,0.47006432459178626,SmartGridTechnologyAdoption
56353.0,0.47006432459178626,SmartGridTechnologyAdoption
56401.0,0.47006432459178626,SmartGridTechnologyAdoption
56449.0,0.47006432459178626,SmartGridTechnologyAdoption
56497.0,0.47006432459178626,SmartGridTechnologyAdoption
56545.0,0.47006432459178626,SmartGridTechnologyAdoption
56593.0,0.47006432459178626,SmartGridTechnologyAdoption
56641.0,0.47006432459178626,SmartGridTechnologyAdoption
56689.0,0.47006432459178626,SmartGridTechnologyAdoption
56737.0,0.47006432459178626,SmartGridTechnologyAdoption
56785.0,0.47006432459178626,SmartGridTechnologyAdoption
56833.0,0.47006432459178626,SmartGridTechnologyAdoption
56881.0,0.47006432459178626,SmartGridTechnologyAdoption
56929.0,0.47006432459178626,SmartGridTechnologyAdoption
56977.0,0.47006432459178626,SmartGridTechnologyAdoption
57025.0,0.47006432459178626,SmartGridTechnologyAdoption
57073.0,0.47006432459178626,SmartGridTechnologyAdoption
57121.0,0.47006432459178626,SmartGridTechnologyAdoption
57169.0,0.47006432459178626,SmartGridTechnologyAdoption
57217.0,0.47006432459178626,SmartGridTechnologyAdoption
57265.0,0.47006432459178626,SmartGridTechnologyAdoption
57313.0,0.47006432459178626,SmartGridTechnologyAdoption
57361.0,0.47006432459178626,SmartGridTechnologyAdoption
57409.0,0.47006432459178626,SmartGridTechnologyAdoption
57457.0,0.47006432459178626,SmartGridTechnologyAdoption
57505.0,0.47006432459178626,SmartGridTechnologyAdoption
57553.0,0.47253834735279565,SmartGridTechnologyAdoption
57601.0,0.47253834735279565,SmartGridTechnologyAdoption
57649.0,0.47253834735279565,SmartGridTechnologyAdoption
57697.0,0.47253834735279565,SmartGridTechnologyAdoption
57745.0,0.47253834735279565,SmartGridTechnologyAdoption
57793.0,0.47501237011380504,SmartGridTechnologyAdoption
57841.0,0.47501237011380504,SmartGridTechnologyAdoption
57889.0,0.47501237011380504,SmartGridTechnologyAdoption
57937.0,0.47501237011380504,SmartGridTechnologyAdoption
57985.0,0.47501237011380504,SmartGridTechnologyAdoption
58033.0,0.47501237011380504,SmartGridTechnologyAdoption
58081.0,0.47501237011380504,SmartGridTechnologyAdoption
58129.0,0.47501237011380504,SmartGridTechnologyAdoption
58177.0,0.47501237011380504,SmartGridTechnologyAdoption
58225.0,0.47501237011380504,SmartGridTechnologyAdoption
58273.0,0.47501237011380504,SmartGridTechnologyAdoption
58321.0,0.47501237011380504,SmartGridTechnologyAdoption
58369.0,0.47501237011380504,SmartGridTechnologyAdoption
58417.0,0.47501237011380504,SmartGridTechnologyAdoption
58465.0,0.47501237011380504,SmartGridTechnologyAdoption
58513.0,0.47501237011380504,SmartGridTechnologyAdoption
58561.0,0.47501237011380504,SmartGridTechnologyAdoption
58609.0,0.47501237011380504,SmartGridTechnologyAdoption
58657.0,0.47501237011380504,SmartGridTechnologyAdoption
58705.0,0.47501237011380504,SmartGridTechnologyAdoption
58753.0,0.47501237011380504,SmartGridTechnologyAdoption
58801.0,0.47501237011380504,SmartGridTechnologyAdoption
58849.0,0.47501237011380504,SmartGridTechnologyAdoption
58897.0,0.47501237011380504,SmartGridTechnologyAdoption
58945.0,0.47501237011380504,SmartGridTechnologyAdoption
58993.0,0.47501237011380504,SmartGridTechnologyAdoption
59041.0,0.47501237011380504,SmartGridTechnologyAdoption
59089.0,0.47501237011380504,SmartGridTechnologyAdoption
59137.0,0.47501237011380504,SmartGridTechnologyAdoption
59185.0,0.47501237011380504,SmartGridTechnologyAdoption
59233.0,0.47501237011380504,SmartGridTechnologyAdoption
59281.0,0.47501237011380504,SmartGridTechnologyAdoption
59329.0,0.47501237011380504,SmartGridTechnologyAdoption
59377.0,0.47501237011380504,SmartGridTechnologyAdoption
59425.0,0.47501237011380504,SmartGridTechnologyAdoption
59473.0,0.47501237011380504,SmartGridTechnologyAdoption
59521.0,0.47501237011380504,SmartGridTechnologyAdoption
59569.0,0.47501237011380504,SmartGridTechnologyAdoption
59617.0,0.47501237011380504,SmartGridTechnologyAdoption
59665.0,0.47501237011380504,SmartGridTechnologyAdoption
59713.0,0.47501237011380504,SmartGridTechnologyAdoption
59761.0,0.47501237011380504,SmartGridTechnologyAdoption
59809.0,0.47501237011380504,SmartGridTechnologyAdoption
59857.0,0.47501237011380504,SmartGridTechnologyAdoption
59905.0,0.47501237011380504,SmartGridTechnologyAdoption
59953.0,0.47501237011380504,SmartGridTechnologyAdoption
60001.0,0.47501237011380504,SmartGridTechnologyAdoption
60049.0,0.47501237011380504,SmartGridTechnologyAdoption
60097.0,0.47501237011380504,SmartGridTechnologyAdoption
60145.0,0.47501237011380504,SmartGridTechnologyAdoption
60193.0,0.47501237011380504,SmartGridTechnologyAdoption
60241.0,0.47501237011380504,SmartGridTechnologyAdoption
60289.0,0.47501237011380504,SmartGridTechnologyAdoption
60337.0,0.47501237011380504,SmartGridTechnologyAdoption
60385.0,0.47501237011380504,SmartGridTechnologyAdoption
60433.0,0.47501237011380504,SmartGridTechnologyAdoption
60481.0,0.47501237011380504,SmartGridTechnologyAdoption
60529.0,0.47501237011380504,SmartGridTechnologyAdoption
60577.0,0.47501237011380504,SmartGridTechnologyAdoption
60625.0,0.47501237011380504,SmartGridTechnologyAdoption
60673.0,0.47501237011380504,SmartGridTechnologyAdoption
60721.0,0.47501237011380504,SmartGridTechnologyAdoption
60769.0,0.47501237011380504,SmartGridTechnologyAdoption
60817.0,0.47501237011380504,SmartGridTechnologyAdoption
60865.0,0.47501237011380504,SmartGridTechnologyAdoption
60913.0,0.47501237011380504,SmartGridTechnologyAdoption
60961.0,0.47501237011380504,SmartGridTechnologyAdoption
61009.0,0.47501237011380504,SmartGridTechnologyAdoption
61057.0,0.47501237011380504,SmartGridTechnologyAdoption
61105.0,0.47501237011380504,SmartGridTechnologyAdoption
61153.0,0.47501237011380504,SmartGridTechnologyAdoption
61201.0,0.47501237011380504,SmartGridTechnologyAdoption
61249.0,0.47501237011380504,SmartGridTechnologyAdoption
61297.0,0.47501237011380504,SmartGridTechnologyAdoption
61345.0,0.47501237011380504,SmartGridTechnologyAdoption
61393.0,0.47501237011380504,SmartGridTechnologyAdoption
61441.0,0.47501237011380504,SmartGridTechnologyAdoption
61489.0,0.47501237011380504,SmartGridTechnologyAdoption
61537.0,0.47501237011380504,SmartGridTechnologyAdoption
61585.0,0.47501237011380504,SmartGridTechnologyAdoption
61633.0,0.47501237011380504,SmartGridTechnologyAdoption
61681.0,0.47501237011380504,SmartGridTechnologyAdoption
61729.0,0.47501237011380504,SmartGridTechnologyAdoption
61777.0,0.47501237011380504,SmartGridTechnologyAdoption
61825.0,0.47501237011380504,SmartGridTechnologyAdoption
61873.0,0.47501237011380504,SmartGridTechnologyAdoption
61921.0,0.47501237011380504,SmartGridTechnologyAdoption
61969.0,0.47501237011380504,SmartGridTechnologyAdoption
62017.0,0.47501237011380504,SmartGridTechnologyAdoption
62065.0,0.47501237011380504,SmartGridTechnologyAdoption
62113.0,0.47501237011380504,SmartGridTechnologyAdoption
62161.0,0.47501237011380504,SmartGridTechnologyAdoption
62209.0,0.47501237011380504,SmartGridTechnologyAdoption
62257.0,0.47501237011380504,SmartGridTechnologyAdoption
62305.0,0.47501237011380504,SmartGridTechnologyAdoption
62353.0,0.47501237011380504,SmartGridTechnologyAdoption
62401.0,0.47501237011380504,SmartGridTechnologyAdoption
62449.0,0.47501237011380504,SmartGridTechnologyAdoption
62497.0,0.47501237011380504,SmartGridTechnologyAdoption
62545.0,0.47501237011380504,SmartGridTechnologyAdoption
62593.0,0.47501237011380504,SmartGridTechnologyAdoption
62641.0,0.47501237011380504,SmartGridTechnologyAdoption
62689.0,0.47501237011380504,SmartGridTechnologyAdoption
62737.0,0.47501237011380504,SmartGridTechnologyAdoption
62785.0,0.47501237011380504,SmartGridTechnologyAdoption
62833.0,0.47501237011380504,SmartGridTechnologyAdoption
62881.0,0.47501237011380504,SmartGridTechnologyAdoption
62929.0,0.47501237011380504,SmartGridTechnologyAdoption
62977.0,0.47501237011380504,SmartGridTechnologyAdoption
63025.0,0.47501237011380504,SmartGridTechnologyAdoption
63073.0,0.47501237011380504,SmartGridTechnologyAdoption
63121.0,0.47501237011380504,SmartGridTechnologyAdoption
63169.0,0.47501237011380504,SmartGridTechnologyAdoption
63217.0,0.47501237011380504,SmartGridTechnologyAdoption
63265.0,0.47501237011380504,SmartGridTechnologyAdoption
63313.0,0.47501237011380504,SmartGridTechnologyAdoption
63361.0,0.47501237011380504,SmartGridTechnologyAdoption
63409.0,0.47501237011380504,SmartGridTechnologyAdoption
63457.0,0.47501237011380504,SmartGridTechnologyAdoption
63505.0,0.47501237011380504,SmartGridTechnologyAdoption
63553.0,0.47501237011380504,SmartGridTechnologyAdoption
63601.0,0.47501237011380504,SmartGridTechnologyAdoption
63649.0,0.47501237011380504,SmartGridTechnologyAdoption
63697.0,0.47501237011380504,SmartGridTechnologyAdoption
63745.0,0.47501237011380504,SmartGridTechnologyAdoption
63793.0,0.47501237011380504,SmartGridTechnologyAdoption
63841.0,0.47501237011380504,SmartGridTechnologyAdoption
63889.0,0.47501237011380504,SmartGridTechnologyAdoption
63937.0,0.47501237011380504,SmartGridTechnologyAdoption
63985.0,0.47501237011380504,SmartGridTechnologyAdoption
64033.0,0.47501237011380504,SmartGridTechnologyAdoption
64081.0,0.47501237011380504,SmartGridTechnologyAdoption
64129.0,0.47501237011380504,SmartGridTechnologyAdoption
64177.0,0.47501237011380504,SmartGridTechnologyAdoption
64225.0,0.47501237011380504,SmartGridTechnologyAdoption
64273.0,0.47501237011380504,SmartGridTechnologyAdoption
64321.0,0.47501237011380504,SmartGridTechnologyAdoption
64369.0,0.47501237011380504,SmartGridTechnologyAdoption
64417.0,0.47501237011380504,SmartGridTechnologyAdoption
64465.0,0.47501237011380504,SmartGridTechnologyAdoption
64513.0,0.47501237011380504,SmartGridTechnologyAdoption
64561.0,0.47501237011380504,SmartGridTechnologyAdoption
64609.0,0.47501237011380504,SmartGridTechnologyAdoption
64657.0,0.47501237011380504,SmartGridTechnologyAdoption
64705.0,0.47501237011380504,SmartGridTechnologyAdoption
64753.0,0.47501237011380504,SmartGridTechnologyAdoption
64801.0,0.47501237011380504,SmartGridTechnologyAdoption
64849.0,0.47501237011380504,SmartGridTechnologyAdoption
64897.0,0.47501237011380504,SmartGridTechnologyAdoption
64945.0,0.47501237011380504,SmartGridTechnologyAdoption
64993.0,0.47501237011380504,SmartGridTechnologyAdoption
65041.0,0.47501237011380504,SmartGridTechnologyAdoption
65089.0,0.47501237011380504,SmartGridTechnologyAdoption
65137.0,0.47501237011380504,SmartGridTechnologyAdoption
65185.0,0.47501237011380504,SmartGridTechnologyAdoption
65233.0,0.47501237011380504,SmartGridTechnologyAdoption
65281.0,0.47501237011380504,SmartGridTechnologyAdoption
65329.0,0.47501237011380504,SmartGridTechnologyAdoption
65377.0,0.47501237011380504,SmartGridTechnologyAdoption
65425.0,0.47501237011380504,SmartGridTechnologyAdoption
65473.0,0.47501237011380504,SmartGridTechnologyAdoption
65521.0,0.47501237011380504,SmartGridTechnologyAdoption
65569.0,0.47501237011380504,SmartGridTechnologyAdoption
65617.0,0.47501237011380504,SmartGridTechnologyAdoption
65665.0,0.47501237011380504,SmartGridTechnologyAdoption
65713.0,0.47501237011380504,SmartGridTechnologyAdoption
65761.0,0.47501237011380504,SmartGridTechnologyAdoption
65809.0,0.47501237011380504,SmartGridTechnologyAdoption
65857.0,0.47501237011380504,SmartGridTechnologyAdoption
65905.0,0.47501237011380504,SmartGridTechnologyAdoption
65953.0,0.47501237011380504,SmartGridTechnologyAdoption
66001.0,0.47501237011380504,SmartGridTechnologyAdoption
66049.0,0.47501237011380504,SmartGridTechnologyAdoption
66097.0,0.47501237011380504,SmartGridTechnologyAdoption
66145.0,0.47501237011380504,SmartGridTechnologyAdoption
66193.0,0.47501237011380504,SmartGridTechnologyAdoption
66241.0,0.47501237011380504,SmartGridTechnologyAdoption
66289.0,0.47501237011380504,SmartGridTechnologyAdoption
66337.0,0.47501237011380504,SmartGridTechnologyAdoption
66385.0,0.47501237011380504,SmartGridTechnologyAdoption
66433.0,0.47501237011380504,SmartGridTechnologyAdoption
66481.0,0.47501237011380504,SmartGridTechnologyAdoption
66529.0,0.47501237011380504,SmartGridTechnologyAdoption
66577.0,0.47501237011380504,SmartGridTechnologyAdoption
66625.0,0.47501237011380504,SmartGridTechnologyAdoption
66673.0,0.47501237011380504,SmartGridTechnologyAdoption
66721.0,0.47501237011380504,SmartGridTechnologyAdoption
66769.0,0.47501237011380504,SmartGridTechnologyAdoption
66817.0,0.47501237011380504,SmartGridTechnologyAdoption
66865.0,0.47501237011380504,SmartGridTechnologyAdoption
66913.0,0.47501237011380504,SmartGridTechnologyAdoption
66961.0,0.47501237011380504,SmartGridTechnologyAdoption
67009.0,0.47501237011380504,SmartGridTechnologyAdoption
67057.0,0.47501237011380504,SmartGridTechnologyAdoption
67105.0,0.47501237011380504,SmartGridTechnologyAdoption
67153.0,0.47501237011380504,SmartGridTechnologyAdoption
67201.0,0.47501237011380504,SmartGridTechnologyAdoption
67249.0,0.47501237011380504,SmartGridTechnologyAdoption
67297.0,0.47501237011380504,SmartGridTechnologyAdoption
67345.0,0.47501237011380504,SmartGridTechnologyAdoption
67393.0,0.47501237011380504,SmartGridTechnologyAdoption
67441.0,0.47501237011380504,SmartGridTechnologyAdoption
67489.0,0.47501237011380504,SmartGridTechnologyAdoption
67537.0,0.47501237011380504,SmartGridTechnologyAdoption
67585.0,0.47501237011380504,SmartGridTechnologyAdoption
67633.0,0.47501237011380504,SmartGridTechnologyAdoption
67681.0,0.47501237011380504,SmartGridTechnologyAdoption
67729.0,0.47501237011380504,SmartGridTechnologyAdoption
67777.0,0.47501237011380504,SmartGridTechnologyAdoption
67825.0,0.47501237011380504,SmartGridTechnologyAdoption
67873.0,0.47501237011380504,SmartGridTechnologyAdoption
67921.0,0.47501237011380504,SmartGridTechnologyAdoption
67969.0,0.47501237011380504,SmartGridTechnologyAdoption
68017.0,0.47501237011380504,SmartGridTechnologyAdoption
68065.0,0.47501237011380504,SmartGridTechnologyAdoption
68113.0,0.47501237011380504,SmartGridTechnologyAdoption
68161.0,0.47501237011380504,SmartGridTechnologyAdoption
68209.0,0.47501237011380504,SmartGridTechnologyAdoption
68257.0,0.47501237011380504,SmartGridTechnologyAdoption
68305.0,0.47501237011380504,SmartGridTechnologyAdoption
68353.0,0.47501237011380504,SmartGridTechnologyAdoption
68401.0,0.47501237011380504,SmartGridTechnologyAdoption
68449.0,0.47501237011380504,SmartGridTechnologyAdoption
68497.0,0.47501237011380504,SmartGridTechnologyAdoption
68545.0,0.47501237011380504,SmartGridTechnologyAdoption
68593.0,0.47501237011380504,SmartGridTechnologyAdoption
68641.0,0.47501237011380504,SmartGridTechnologyAdoption
68689.0,0.47501237011380504,SmartGridTechnologyAdoption
68737.0,0.47501237011380504,SmartGridTechnologyAdoption
68785.0,0.47501237011380504,SmartGridTechnologyAdoption
68833.0,0.47501237011380504,SmartGridTechnologyAdoption
68881.0,0.47501237011380504,SmartGridTechnologyAdoption
68929.0,0.47501237011380504,SmartGridTechnologyAdoption
68977.0,0.47501237011380504,SmartGridTechnologyAdoption
69025.0,0.47501237011380504,SmartGridTechnologyAdoption
69073.0,0.47501237011380504,SmartGridTechnologyAdoption
69121.0,0.47501237011380504,SmartGridTechnologyAdoption
69169.0,0.47501237011380504,SmartGridTechnologyAdoption
69217.0,0.47501237011380504,SmartGridTechnologyAdoption
69265.0,0.47501237011380504,SmartGridTechnologyAdoption
69313.0,0.47501237011380504,SmartGridTechnologyAdoption
69361.0,0.47501237011380504,SmartGridTechnologyAdoption
69409.0,0.47501237011380504,SmartGridTechnologyAdoption
69457.0,0.47501237011380504,SmartGridTechnologyAdoption
69505.0,0.47501237011380504,SmartGridTechnologyAdoption
69553.0,0.47501237011380504,SmartGridTechnologyAdoption
69601.0,0.47501237011380504,SmartGridTechnologyAdoption
69649.0,0.47501237011380504,SmartGridTechnologyAdoption
69697.0,0.47501237011380504,SmartGridTechnologyAdoption
69745.0,0.47501237011380504,SmartGridTechnologyAdoption
69793.0,0.47501237011380504,SmartGridTechnologyAdoption
69841.0,0.47501237011380504,SmartGridTechnologyAdoption
69889.0,0.47501237011380504,SmartGridTechnologyAdoption
69937.0,0.47501237011380504,SmartGridTechnologyAdoption
69985.0,0.47501237011380504,SmartGridTechnologyAdoption
70033.0,0.47501237011380504,SmartGridTechnologyAdoption
